"pnr","preis"
"B00066KWNS","0.00"
"B000B5IOSE","0.00"
"3431035620","0.00"
"343103196X","0.00"
"3431035132","0.00"
"3431036341","0.00"
"3473520225","0.00"
"3473521450","0.00"
"3522175263","0.00"
"3522177231","0.00"
"3785555342","0.00"
"378555169X","0.00"
"3785553374","0.00"
"380253395X","0.00"
"3802533968","0.00"
"3802533976","0.00"
"347177274X","0.00"
"3548604854","0.00"
"3935746423","0.00"
"3937825002","0.00"
"3937825010","0.00"
"3937825045","0.00"
"3937825177","0.00"
"B000002H0X","0.00"
"B00000I92V","0.00"
"B0000041YE","0.00"
"B000024HI6","0.00"
"B000028D0M","0.00"
"B000025048","0.00"
"B000025LW0","0.00"
"B000026I2V","0.00"
"B00002470R","0.00"
"B0000265PK","0.00"
"B000026NO5","0.00"
"B00002DF2P","0.00"
"B000025U5T","0.00"
"B00002DGH1","0.00"
"B000024NZ8","0.00"
"B00004LN02","0.00"
"B00005UW52","0.00"
"B000062Y96","0.00"
"B00008PZW9","0.00"
"B00006LI24","0.00"
"B00016W8A8","0.00"
"B00016UZB2","0.00"
"B0002DSBXI","0.00"
"B0002VK5G6","0.00"
"B00064RU2Q","0.00"
"B000266XCG","0.00"
"B00005NJJ9","0.00"
"B000266XCQ","0.00"
"B000269S82","0.00"
"B0002TB60M","0.00"
"B0002UYA86","0.00"
"B0006IGJ2Y","0.00"
"B0002X4U9W","0.00"
"B0002H24N2","0.00"
"B00005YXLJ","0.00"
"B00007G75C","0.00"
"B0002JZ32E","0.00"
"B000A7X7PI","0.00"
"B000ANVNHG","0.00"
"B000CEGXI2","0.00"
"B00009AHNC","0.00"
"B0002Z7K24","0.00"
"B00069W4J0","0.00"
"B000AYQDW0","0.00"
"B000CAKWNS","0.00"
"B000024RPE","0.00"
"B000679OH2","0.00"
"B0002IU0JQ","0.00"
"B000A7XJ2Y","0.00"
"B0002Q054S","0.00"
"B00006JYLL","0.00"
"B0000256R2","0.00"
"B00002DDTY","0.00"
"B00005YXLJ","0.00"
"B00007GQGQ","0.00"
"B0006QAI5K","0.00"
"B0007UARJW","0.00"
"347177274X","0.00"
"3473344273","0.00"
"3473344435","0.00"
"3473344702","0.00"
"B000024A23","0.00"
"B00000B44F","0.00"
"B00004T0UM","0.00"
"B00006J9RM","0.00"
"B000ALCG06","0.00"
"B000026CGO","0.00"
"B0002H24MS","0.00"
"B000024UR6","0.00"
"B0000676WX","0.00"
"3899402669","0.00"
"B000024GF7","0.00"
"B00000ASN8","0.00"
"B00002695C","0.00"
"B0009Z5TZW","0.00"
"B00035W08M","0.00"
"B0002Z7K24","0.00"
"B00009AHNC","0.00"
"B00069KW58","0.00"
"B0009E26UY","0.00"
"B0009WFS2E","0.00"
"B00009MDDW","0.00"
"B0002IRXEQ","0.00"
"B00002S5DF","0.00"
"B0000046WZ","0.00"
"B000005HEQ","0.00"
"B0000267TD","0.00"
"B000C4JTT2","0.00"
"B000AQNK9W","0.00"
"B000269R24","0.00"
"B0006QAI5K","0.00"
"B00008HE5S","0.00"
"B0002Z8532","0.00"
"B00069JA2Y","0.00"
"B0007KTIN8","0.00"
"B000025OBV","0.00"
"B000023ZR9","0.00"
"B000003W0C","0.00"
"B00012HODI","0.00"
"B00012HOC4","0.00"
"B00012HOCY","0.00"
"B00020X1VI","0.00"
"B00012HOCY","0.00"
"B00012HODI","0.00"
"B0002ZLGUG","0.00"
"B0000DKKY2","0.00"
"B0001B0VDE","0.00"
"B00023BHHK","0.00"
"B00004VX9C","0.00"
"B0001J3VYW","0.00"
"B0000002ME","0.00"
"B000023XRI","0.00"
"B0000256TO","0.00"
"B00000I362","0.00"
"B00012HOCY","0.00"
"B00012HOC4","0.00"
"B00012HODI","0.00"
"B00009AHN2","0.00"
"B00004U68B","0.00"
"B00068WJLE","0.00"
"B000028DI3","0.00"
"B0002IQJL4","0.00"
"B00000AY6B","0.00"
"B00008ZZ2C","0.00"
"B0000525T3","0.00"
"B000002UVU","0.00"
"B000002G5O","0.00"
"B0000VB2E2","0.00"
"B0009NDGRW","0.00"
"B00016UZB2","0.00"
"B00067ZPBG","0.00"
"B0007M8HS8","0.00"
"B0000284G7","0.00"
"B0002UJKCW","0.00"
"B0002EGADA","0.00"
"B000007OWQ","0.00"
"B0001EQHFW","0.00"
"B0002CWXQU","0.00"
"B000620N8Q","0.00"
"B00008PZW3","0.00"
"B0001O2BXY","0.00"
"B000025QO2","0.00"
"B0002PZWQ0","0.00"
"B0007KTIN8","0.00"
"B0007XTOOS","0.00"
"B000B9UHRG","0.00"
"B0002HSE7C","0.00"
"B0006IQLMW","0.00"
"B00003ZL2S","0.00"
"B000003ZVF","0.00"
"B000003ZVH","0.00"
"B00016UZB2","0.00"
"B00016W8A8","0.00"
"B00064RU2Q","0.00"
"B00067ZPBG","0.00"
"B00066K1K2","0.00"
"B0002WRVUS","0.00"
"B0002JEO74","0.00"
"B000AN0214","0.00"
"B000059ZL2","0.00"
"B0002QO36Y","0.00"
"B0004FRW0C","0.00"
"B0001JZOKQ","0.00"
"B0007D0A78","0.00"
"B000AGK9FU","0.00"
"B000BL99KA","0.00"
"B0002LGWQ8","0.00"
"B0002J48A2","0.00"
"B0000C8X6E","0.00"
"B0002VK5G6","0.00"
"B0000DFZCU","0.00"
"B00016W8A8","0.00"
"B00064RU2Q","0.00"
"B00067ZPBG","0.00"
"B00006L82C","0.00"
"B00013MWYI","0.00"
"B0007NB9DW","0.00"
"B0006H2UR8","0.00"
"B00022GJ56","0.00"
"B000005YNW","0.00"
"B0002IQJ50","0.00"
"B00004WSAN","0.00"
"B000056FG6","0.00"
"B00083D4K2","0.00"
"B000803PHW","0.00"
"B00013AFY2","0.00"
"B0001Z64W2","0.00"
"B0001DD8N2","0.00"
"B000CBLPE2","0.00"
"B00004Y2XL","0.00"
"389844208X","0.00"
"B0000026CR","0.00"
"B0009K2U2W","0.00"
"B000025SZ0","0.00"
"B00020JPP4","0.00"
"B00009QI35","0.00"
"B00030CHEY","0.00"
"B000B7I3TW","0.00"
"B0002I8TEE","0.00"
"B00064RU2Q","0.00"
"B00016W8A8","0.00"
"B0002VK5G6","0.00"
"B00067ZPBG","0.00"
"B000026B52","0.00"
"B000A3VTU2","0.00"
"B000266X62","0.00"
"B000BEPLWM","0.00"
"B000002UJJ","0.00"
"B000002VQ5","0.00"
"B0002H244Q","0.00"
"B0002BXWZW","0.00"
"B0002IRXEQ","0.00"
"B000BRY6A2","0.00"
"B0009ZE7S2","0.00"
"B00035W08M","0.00"
"B0009Z5TZW","0.00"
"B000002ONA","0.00"
"B000002I6T","0.00"
"B0001IW2Q6","0.00"
"B000025TIZ","0.00"
"B00064K2S0","0.00"
"B000024ZTQ","0.00"
"B000025LJH","0.00"
"B000CEZW6Q","0.00"
"B00028HP62","0.00"
"B000BK8F2Y","0.00"
"B00035W0AK","0.00"
"B000ADLAY2","0.00"
"B00004XN2T","0.00"
"B000683TPO","0.00"
"3522110803","0.00"
"352210580X","0.00"
"3522105907","0.00"
"3522106202","0.00"
"3522115201","0.00"
"B0002Y64FE","0.00"
"B0000CBBWK","0.00"
"B0002T6LM0","0.00"
"B0002N7X82","0.00"
"B000620N7M","0.00"
"B00002DEC1","0.00"
"B000002VC5","0.00"
"B000005IW3","0.00"
"B00000IOBW","0.00"
"B000025FDK","0.00"
"B0009O1I62","0.00"
"B0003HFRGW","0.00"
"B000023ZW0","0.00"
"B0002UYA8G","0.00"
"B0006IGJ2Y","0.00"
"B00006S2MN","0.00"
"B00002572L","0.00"
"B00005246E","0.00"
"B00004W59Y","0.00"
"B000021XS8","0.00"
"B000AA302A","0.00"
"B0000026YK","0.00"
"B00029RRP0","0.00"
"B0000TSW7E","0.00"
"B000CNEQ2I","0.00"
"B0000038YW","0.00"
"B000024J4N","0.00"
"3570128040","0.00"
"3570127753","0.00"
"3570127761","0.00"
"3570128032","0.00"
"3789140244","0.00"
"3791504673","0.00"
"3442362911","0.00"
"3570127753","0.00"
"3570127761","0.00"
"3570128040","0.00"
"3791504673","0.00"
"3257008775","0.00"
"3257008945","0.00"
"3257800010","0.00"
"3800020432","0.00"
"3800020874","0.00"
"3800020882","0.00"
"380005003X","0.00"
"3800050048","0.00"
"3499212110","0.00"
"3499205823","0.00"
"3499208555","0.00"
"3499212129","0.00"
"3522177355","0.00"
"3522177134","0.00"
"3522177592","0.00"
"3522177606","0.00"
"3522177622","0.00"
"347177274X","0.00"
"3570127753","0.00"
"3570128032","0.00"
"3570128040","0.00"
"3570127753","0.00"
"347177274X","0.00"
"3570127761","0.00"
"3570128032","0.00"
"3570128040","0.00"
"3789140201","0.00"
"3937825002","0.00"
"3937825010","0.00"
"3937825061","0.00"
"3800020440","0.00"
"3800020432","0.00"
"3800020874","0.00"
"3800020882","0.00"
"3800050021","0.00"
"380005003X","0.00"
"3596802601","0.00"
"3596800064","0.00"
"3596800641","0.00"
"3596803276","0.00"
"379150455X","0.00"
"3832712291","0.00"
"3257008775","0.00"
"3257008945","0.00"
"3257011202","0.00"
"347177274X","0.00"
"3548603874","0.00"
"3548604854","0.00"
"3570127761","0.00"
"3791504452","0.00"
"3791504517","0.00"
"3791504568","0.00"
"3791504592","0.00"
"3791504606","0.00"
"3791504649","0.00"
"3190028559","0.00"
"3190028516","0.00"
"3596803926","0.00"
"3423622156","0.00"
"3785530471","0.00"
"3789105090","0.00"
"3789111252","0.00"
"3789140244","0.00"
"3473344702","0.00"
"3570127761","0.00"
"3570128040","0.00"
"3789140201","0.00"
"344010205X","0.00"
"3440102033","0.00"
"3440102041","0.00"
"3440102076","0.00"
"3440102084","0.00"
"3440102092","0.00"
"3473580082","0.00"
"3473581720","0.00"
"3473582123","0.00"
"3423620005","0.00"
"3423125004","0.00"
"3785535929","0.00"
"3785535910","0.00"
"3785537530","0.00"
"3785537549","0.00"
"3785537980","0.00"
"3785540051","0.00"
"3522105907","0.00"
"352210580X","0.00"
"3522106202","0.00"
"3522110803","0.00"
"3522115201","0.00"
"3522119800","0.00"
"342362115X","0.00"
"3401074210","0.00"
"3401044915","0.00"
"3401044923","0.00"
"3401075446","0.00"
"3401081853","0.00"
"3401086472","0.00"
"3446206426","0.00"
"3570128040","0.00"
"3785554419","0.00"
"3789131598","0.00"
"3789140244","0.00"
"3570007928","0.00"
"3593376946","0.00"
"3423620153","0.00"
"3789133051","0.00"
"3789129453","0.00"
"3789129445","0.00"
"3789129461","0.00"
"3789141143","0.00"
"3789141186","0.00"
"3499212129","0.00"
"3499212110","0.00"
"3473344702","0.00"
"3473344273","0.00"
"3473344435","0.00"
"3789140244","0.00"
"3789129445","0.00"
"3522105907","0.00"
"3789129402","0.00"
"3789129453","0.00"
"3789129461","0.00"
"3789141143","0.00"
"3791504592","0.00"
"3791504452","0.00"
"3791504517","0.00"
"3791504568","0.00"
"3791504606","0.00"
"3791504649","0.00"
"3789129402","0.00"
"3789106917","0.00"
"3789129445","0.00"
"3789129461","0.00"
"3789141143","0.00"
"3551064040","0.00"
"3401045512","0.00"
"3401044923","0.00"
"3257008775","0.00"
"3257008945","0.00"
"3257011202","0.00"
"3257800010","0.00"
"3802402081","0.00"
"3499205521","0.00"
"359680342X","0.00"
"3522177622","0.00"
"3522177134","0.00"
"3522177355","0.00"
"3522177592","0.00"
"3522177606","0.00"
"3937825010","0.00"
"3937825061","0.00"
"3937825134","0.00"
"3937825177","0.00"
"3937406425","0.00"
"3765324019","0.00"
"3473373486","0.00"
"3827413524","0.00"
"3134843080","0.00"
"3789129461","0.00"
"3789129402","0.00"
"3789129445","0.00"
"3789129453","0.00"
"3789141143","0.00"
"3897824000","0.00"
"3522177592","0.00"
"3522177134","0.00"
"3522177231","0.00"
"3522177355","0.00"
"3522177606","0.00"
"3522177622","0.00"
"3522176847","0.00"
"3522177509","0.00"
"3570216322","0.00"
"3897773058","0.00"
"3446228837","0.00"
"3789140201","0.00"
"3473344273","0.00"
"3570127753","0.00"
"3570127761","0.00"
"3789140244","0.00"
"3551552312","0.00"
"3789142514","0.00"
"344233733X","0.00"
"3551552878","0.00"
"3551552835","0.00"
"3551552851","0.00"
"355155286X","0.00"
"3551554013","0.00"
"3423708034","0.00"
"3423708921","0.00"
"3190028516","0.00"
"3190028559","0.00"
"3833714220","0.00"
"3551566666","0.00"
"3570127761","0.00"
"3570128040","0.00"
"3791504576","0.00"
"3791504657","0.00"
"3821229268","0.00"
"3831520666","0.00"
"3833934824","0.00"
"3821229268","0.00"
"3821229292","0.00"
"3833934824","0.00"
"3827411645","0.00"
"3134843080","0.00"
"3522106202","0.00"
"352210580X","0.00"
"3522105907","0.00"
"3522110803","0.00"
"3522115201","0.00"
"3446206477","0.00"
"3423622245","0.00"
"3401027050","0.00"
"3898132730","0.00"
"3522177509","0.00"
"3522176847","0.00"
"3791530127","0.00"
"3898134709","0.00"
"3423708921","0.00"
"3423708034","0.00"
"3453867920","0.00"
"3453152271","0.00"
"3446206418","0.00"
"3446205136","0.00"
"3446206027","0.00"
"3789140244","0.00"
"3928885014","0.00"
"3928885030","0.00"
"3596803926","0.00"
"3789105090","0.00"
"3423621559","0.00"
"3423620927","0.00"
"3440102041","0.00"
"344010205X","0.00"
"3440102076","0.00"
"3440102084","0.00"
"3440102092","0.00"
"3505120456","0.00"
"3505120464","0.00"
"3423709472","0.00"
"3791530127","0.00"
"3791530143","0.00"
"3938333006","0.00"
"3802533976","0.00"
"380253395X","0.00"
"3446205160","0.00"
"3423621915","0.00"
"355155286X","0.00"
"3551552835","0.00"
"3551552851","0.00"
"3551552878","0.00"
"3423709634","0.00"
"3522115201","0.00"
"352210580X","0.00"
"3522105907","0.00"
"3522106202","0.00"
"3522110803","0.00"
"3522119800","0.00"
"3809408247","0.00"
"3933241553","0.00"
"3809412708","0.00"
"3809414263","0.00"
"380941834X","0.00"
"3866151152","0.00"
"386615111X","0.00"
"3866151128","0.00"
"3866151136","0.00"
"3866151179","0.00"
"3866151470","0.00"
"3866151020","0.00"
"3866151039","0.00"
"3866151047","0.00"
"3866151055","0.00"
"3866151063","0.00"
"3866151071","0.00"
"357012990X","0.00"
"3570129926","0.00"
"3570129977","0.00"
"3570129993","0.00"
"3431035132","0.00"
"343103196X","0.00"
"3431035620","0.00"
"3431036341","0.00"
"3522177231","0.00"
"352217710X","0.00"
"3522177258","0.00"
"3522177592","0.00"
"3920524527","0.00"
"3785546203","0.00"
"378554393X","0.00"
"3785546238","0.00"
"3785547951","0.00"
"3473580082","0.00"
"3473582123","0.00"
"3499213362","0.00"
"3499205823","0.00"
"3499208555","0.00"
"3499212129","0.00"
"3492234585","0.00"
"3440102033","0.00"
"344010205X","0.00"
"3440102076","0.00"
"3440102084","0.00"
"3440102092","0.00"
"3401044923","0.00"
"3401044915","0.00"
"3401045512","0.00"
"3570128970","0.00"
"3800050021","0.00"
"3800020432","0.00"
"3800020874","0.00"
"3870676590","0.00"
"3870677376","0.00"
"352817028X","0.00"
"3821228482","0.00"
"3833900903","0.00"
"3789142115","0.00"
"3789105244","0.00"
"3791504592","0.00"
"3791504606","0.00"
"3570129977","0.00"
"3570129993","0.00"
"3570130177","0.00"
"3423078006","0.00"
"3473580031","0.00"
"383182049X","0.00"
"3831822867","0.00"
"3930737272","0.00"
"3423708506","0.00"
"3423708034","0.00"
"3800028913","0.00"
"3453180895","0.00"
"3800051753","0.00"
"3866040687","0.00"
"3895849995","0.00"
"3423709650","0.00"
"3440080226","0.00"
"344007983X","0.00"
"3440080218","0.00"
"352217237X","0.00"
"3935036728","0.00"
"3423079819","0.00"
"3785546238","0.00"
"378554393X","0.00"
"3785546203","0.00"
"3785547951","0.00"
"3833930020","0.00"
"3791530127","0.00"
"3791530143","0.00"
"3522174917","0.00"
"3522174550","0.00"
"3522176162","0.00"
"3473379972","0.00"
"3473379999","0.00"
"3570213129","0.00"
"3809414263","0.00"
"3809412708","0.00"
"380941834X","0.00"
"3593373912","0.00"
"3593374536","0.00"
"3593376946","0.00"
"340105743X","0.00"
"3765318043","0.00"
"3833959819","0.00"
"3442127807","0.00"
"3440102084","0.00"
"3440102033","0.00"
"3440102041","0.00"
"344010205X","0.00"
"3440102076","0.00"
"3440102092","0.00"
"3423070714","0.00"
"3407798792","0.00"
"357013024X","0.00"
"3570130215","0.00"
"3570130231","0.00"
"341953633X","0.00"
"3551553289","0.00"
"3772522513","0.00"
"355155322X","0.00"
"3442545803","0.00"
"344254579X","0.00"
"3442545870","0.00"
"3442545889","0.00"
"3785541872","0.00"
"3785541864","0.00"
"3785541880","0.00"
"378554393X","0.00"
"3785547951","0.00"
"3491911818","0.00"
"3899402553","0.00"
"3522119800","0.00"
"352210580X","0.00"
"3522105907","0.00"
"3522106202","0.00"
"3522110803","0.00"
"3522115201","0.00"
"3898357023","0.00"
"3898357007","0.00"
"3898357015","0.00"
"3898357031","0.00"
"389835704X","0.00"
"3401086723","0.00"
"3802533968","0.00"
"380253395X","0.00"
"3551552002","0.00"
"3551552533","0.00"
"3551552975","0.00"
"3551566666","0.00"
"3423709227","0.00"
"3423202777","0.00"
"3791522353","0.00"
"3551553440","0.00"
"3551553475","0.00"
"3789131598","0.00"
"389830583X","0.00"
"3791331922","0.00"
"3937825010","0.00"
"3937825045","0.00"
"3937825061","0.00"
"3937825177","0.00"
"3570130215","0.00"
"3570130177","0.00"
"357013024X","0.00"
"3468215134","0.00"
"3833936428","0.00"
"3833936401","0.00"
"3831821380","0.00"
"3789111252","0.00"
"3596803926","0.00"
"3785530471","0.00"
"3933496926","0.00"
"347352008X","0.00"
"3785550286","0.00"
"3596802601","0.00"
"3791504541","0.00"
"379150455X","0.00"
"3791504657","0.00"
"3791504673","0.00"
"3423125004","0.00"
"3551552835","0.00"
"3551552851","0.00"
"355155286X","0.00"
"3551552878","0.00"
"3401058827","0.00"
"3401057146","0.00"
"3833211385","0.00"
"3453152271","0.00"
"3453137442","0.00"
"3570130231","0.00"
"357013024X","0.00"
"3570129926","0.00"
"357012990X","0.00"
"3570129977","0.00"
"3570129993","0.00"
"3570130215","0.00"
"3788604212","0.00"
"3788604107","0.00"
"3491886104","0.00"
"3491886112","0.00"
"3522177088","0.00"
"3522177096","0.00"
"352217710X","0.00"
"3522174550","0.00"
"3522174917","0.00"
"3522176162","0.00"
"3473520284","0.00"
"3788602481","0.00"
"3789142395","0.00"
"3446206027","0.00"
"3446205136","0.00"
"3446206418","0.00"
"3789140244","0.00"
"3570216152","0.00"
"3570128083","0.00"
"3789119520","0.00"
"3789119547","0.00"
"3789142107","0.00"
"3789142336","0.00"
"3831002983","0.00"
"3505120464","0.00"
"3505120456","0.00"
"3491887852","0.00"
"3491886112","0.00"
"3491886120","0.00"
"346821507X","0.00"
"3440080218","0.00"
"344007983X","0.00"
"3440079856","0.00"
"3440080226","0.00"
"3522177258","0.00"
"3522177231","0.00"
"3522177592","0.00"
"3551552975","0.00"
"3551552002","0.00"
"3551552096","0.00"
"355155210X","0.00"
"3551566666","0.00"
"3570129985","0.00"
"3570129993","0.00"
"3570130177","0.00"
"3570130215","0.00"
"357013024X","0.00"
"3784440274","0.00"
"3499205823","0.00"
"3499208555","0.00"
"3522434552","0.00"
"3926946695","0.00"
"3788602678","0.00"
"3499208555","0.00"
"3499205823","0.00"
"3499212129","0.00"
"3827051053","0.00"
"3596851599","0.00"
"3789140201","0.00"
"3789140244","0.00"
"3257008767","0.00"
"3257008775","0.00"
"3257008945","0.00"
"3257011202","0.00"
"3257800010","0.00"
"3785542631","0.00"
"3811221191","0.00"
"3522177231","0.00"
"3522177258","0.00"
"3522177606","0.00"
"357030261X","0.00"
"3401027050","0.00"
"3551363056","0.00"
"3570301931","0.00"
"3928885030","0.00"
"3928885014","0.00"
"3928885057","0.00"
"3453137442","0.00"
"3453152271","0.00"
"3423703148","0.00"
"3401400010","0.00"
"3423620927","0.00"
"3423621559","0.00"
"3551372144","0.00"
"3551371202","0.00"
"3440102076","0.00"
"3440102033","0.00"
"3440102041","0.00"
"344010205X","0.00"
"3440102084","0.00"
"3440102092","0.00"
"3789143219","0.00"
"3570300692","0.00"
"3473581852","0.00"
"3570302288","0.00"
"3505121193","0.00"
"3505122017","0.00"
"3924491321","0.00"
"3570127583","0.00"
"347177274X","0.00"
"3548603874","0.00"
"3570127761","0.00"
"3833211113","0.00"
"3833211911","0.00"
"3491886112","0.00"
"3491886104","0.00"
"3491886120","0.00"
"377072822X","0.00"
"3442339006","0.00"
"3520452030","0.00"
"3551371202","0.00"
"3551372144","0.00"
"3570129942","0.00"
"3570129993","0.00"
"3934029140","0.00"
"3442339057","0.00"
"3257008945","0.00"
"3257008775","0.00"
"3257011202","0.00"
"3257800010","0.00"
"3934342426","0.00"
"3926512458","0.00"
"3473373486","0.00"
"3897771136","0.00"
"3522177606","0.00"
"3522177134","0.00"
"3522177355","0.00"
"3522177592","0.00"
"3522177622","0.00"
"3570126463","0.00"
"3833211105","0.00"
"3551552533","0.00"
"3551552002","0.00"
"3551552096","0.00"
"3551566666","0.00"
"340778922X","0.00"
"3570302385","0.00"
"3938276010","0.00"
"3938276061","0.00"
"3551351279","0.00"
"3551353794","0.00"
"3473582123","0.00"
"3473580082","0.00"
"3473581720","0.00"
"3570211886","0.00"
"3473581852","0.00"
"3570300692","0.00"
"3570302288","0.00"
"3931521796","0.00"
"3423706341","0.00"
"3423706732","0.00"
"3440102386","0.00"
"344010169X","0.00"
"355155210X","0.00"
"3551552975","0.00"
"3551566666","0.00"
"3551552096","0.00"
"3551552533","0.00"
"3551552975","0.00"
"3551566666","0.00"
"3446205136","0.00"
"3446206027","0.00"
"3446206418","0.00"
"3789143227","0.00"
"3833211911","0.00"
"3473344273","0.00"
"3473344435","0.00"
"3789140244","0.00"
"3522176162","0.00"
"3522174550","0.00"
"3522174917","0.00"
"3782708989","0.00"
"3473521450","0.00"
"3473520225","0.00"
"3423072571","0.00"
"3800051281","0.00"
"3423621672","0.00"
"3570130231","0.00"
"3570130193","0.00"
"357013024X","0.00"
"3570128083","0.00"
"3440103382","0.00"
"3789142107","0.00"
"3789119520","0.00"
"3789119547","0.00"
"3789142336","0.00"
"3933241553","0.00"
"3809408247","0.00"
"3928885030","0.00"
"3928885057","0.00"
"3570128539","0.00"
"3440102092","0.00"
"3440102033","0.00"
"3440102041","0.00"
"344010205X","0.00"
"3440102076","0.00"
"3440102084","0.00"
"3831520186","0.00"
"3522166108","0.00"
"3789142336","0.00"
"3789119520","0.00"
"3789119547","0.00"
"3789142107","0.00"
"3788602953","0.00"
"3788604107","0.00"
"3831520666","0.00"
"377072822X","0.00"
"3770728505","0.00"
"3938276010","0.00"
"3401055712","0.00"
"3401054457","0.00"
"3442545811","0.00"
"344254579X","0.00"
"3442545870","0.00"
"3442545889","0.00"
"3473561231","0.00"
"3473522899","0.00"
"3833930128","0.00"
"3833930136","0.00"
"3473530298","0.00"
"3473530190","0.00"
"3499202166","0.00"
"3788602465","0.00"
"3788602414","0.00"
"3788602562","0.00"
"3822846457","0.00"
"3423706732","0.00"
"3423706341","0.00"
"3551552851","0.00"
"3551552835","0.00"
"355155286X","0.00"
"3551552878","0.00"
"3446203443","0.00"
"3570215075","0.00"
"3866040113","0.00"
"3821225602","0.00"
"3890822576","0.00"
"B00000I9W2","0.00"
"B0000035LN","0.00"
"B00005PJJE","0.00"
"377251796X","0.00"
"3821229292","0.00"
"3821229268","0.00"
"3833934824","0.00"
"3442416647","0.00"
"3170189263","0.00"
"3473347523","0.00"
"3473347515","0.00"
"3473347531","0.00"
"3785530412","0.00"
"3596800064","0.00"
"3785530471","0.00"
"3522177746","0.00"
"3446206027","0.00"
"3789131598","0.00"
"3570129209","0.00"
"3442545870","0.00"
"3788602562","0.00"
"3788602465","0.00"
"3442336805","0.00"
"3442339006","0.00"
"3468266251","0.00"
"346821507X","0.00"
"3468215134","0.00"
"3782207343","0.00"
"3453131711","0.00"
"3440099520","0.00"
"3788602481","0.00"
"B00008MLSH","0.00"
"B0002QXS6K","0.00"
"3468839286","0.00"
"3190041954","0.00"
"B000031W7Q","0.00"
"B0000258L4","0.00"
"B00006HATR","0.00"
"B0000258L4","0.00"
"B00004STZB","0.00"
"B00009Y30Z","0.00"
"B000003G6Q","0.00"
"B00000I9LV","0.00"
"B0000E5SLF","0.00"
"B000026DMC","0.00"
"B00005B5MC","0.00"
"B00005J7DB","0.00"
"B00008Y4QR","0.00"
"B0000014H5","0.00"
"B00006589U","0.00"
"B0001CTKD0","0.00"
"B0006M4RMY","0.00"
"B0002ONBJ6","0.00"
"B000000SCT","0.00"
"B000005EB0","0.00"
"B00000I9W2","0.00"
"B00005PJJE","0.00"
"B0002H245A","0.00"
"B0002K70BA","0.00"
"B00008MLSH","0.00"
"B00006RJ22","0.00"
"B0000E39MD","0.00"
"B0000TI3RS","0.00"
"B0000258L4","0.00"
"B000031W6H","0.00"
"B000276K4Q","0.00"
"B000002RSX","0.00"
"B00004YA0K","0.00"
"B00002628D","0.00"
"B000025OBV","0.00"
"B0000247PV","0.00"
"B000059LOL","0.00"
"B00000E6PD","0.00"
"B0000B1JWE","0.00"
"B0000014HN","0.00"
"B0001WGDX0","0.00"
"B000095IUM","0.00"
"B0000CNTLU","0.00"
"B0000262I8","0.00"
"B00006GOCT","0.00"
"B000028DL4","0.00"
"B000023Z0S","0.00"
"B00004STZB","0.00"
"B000654OVA","0.00"
"B0000247Q5","0.00"
"B000024MAQ","0.00"
"B000026F1P","0.00"
"B0000270EO","0.00"
"B0000A01L7","0.00"
"B000000SC2","0.00"
"B00004YSFQ","0.00"
"B0002QXS6U","0.00"
"B000025O8I","0.00"
"B00004TTIJ","0.00"
"B00000DBVG","0.00"
"B00004XR5E","0.00"
"B0000263B9","0.00"
"B0000014HE","0.00"
"B000024I89","0.00"
"B00004YMM4","0.00"
"B00005B5MC","0.00"
"B00002470R","0.00"
"B0000265PK","0.00"
"B000026I2V","0.00"
"B0002TB5V2","0.00"
"B00005RCIV","0.00"
"B00009VHA2","0.00"
"B0000C9V3K","0.00"
"B000025T0Z","0.00"
"B000025GK0","0.00"
"B000025OBV","0.00"
"B00008PW4A","0.00"
"B000025802","0.00"
"B00007B6WD","0.00"
"B00004LN02","0.00"
"B00002DGW7","0.00"
"B000095J89","0.00"
"B000025OWS","0.00"
"B00005KBE5","0.00"
"B000025GJM","0.00"
"B000026F1P","0.00"
"B0000247Q5","0.00"
"B000024MAQ","0.00"
"B0000270EO","0.00"
"B00002DGTA","0.00"
"B000083GOJ","0.00"
"B000026EGR","0.00"
"B0000075AO","0.00"
"B0000247K8","0.00"
"B00004SX3C","0.00"
"B00000416O","0.00"
"B00002DF2O","0.00"
"B00000C2KM","0.00"
"B000025802","0.00"
"B000063X5K","0.00"
"B00008PW4A","0.00"
"B00002DGVQ","0.00"
"B000006NAS","0.00"
"B00006AWLW","0.00"
"B00004U8FD","0.00"
"B0000A9DZV","0.00"
"B000024I89","0.00"
"B00005A797","0.00"
"B0002YC642","0.00"
"B00002DGBP","0.00"
"B00000K2F3","0.00"
"B0000247Q2","0.00"
"B000001WVC","0.00"
"B00008PW4A","0.00"
"B00000K2F3","0.00"
"B000003GAU","0.00"
"B00004YMM3","0.00"
"B00005NZOO","0.00"
"B00020Q386","0.00"
"B000026B70","0.00"
"B000024AZB","0.00"
"B000026UHV","0.00"
"B0002IVMIO","0.00"
"B0002VENP0","0.00"
"B00009KV0W","0.00"
"B000094HLE","0.00"
"B000295TXC","0.00"
"B00006AWLW","0.00"
"B00002DGVQ","0.00"
"B0006M4RMY","0.00"
"B00000IIXM","0.00"
"B000023ZZK","0.00"
"B00005UOVD","0.00"
"B0006TN9G2","0.00"
"B0000041KV","0.00"
"B000025HGV","0.00"
"B0000AKOWN","0.00"
"B000003G6Q","0.00"
"B00000I9LV","0.00"
"B0000E5SLF","0.00"
"B0007XT3G2","0.00"
"B0000258L4","0.00"
"B00004T99L","0.00"
"B000066JMR","0.00"
"B000024FD2","0.00"
"B0002QXS6K","0.00"
"B0000245XY","0.00"
"B00000J2PZ","0.00"
"B000007RQN","0.00"
"B0000942LM","0.00"
"B000295TXC","0.00"
"B000005EB0","0.00"
"B00000I9W2","0.00"
"B000003CZD","0.00"
"B000059QW8","0.00"
"B0000265PK","0.00"
"B00002470R","0.00"
"B000026I2V","0.00"
"B00005RRY1","0.00"
"B0000206A4","0.00"
"B00028F85W","0.00"
"B0000075AO","0.00"
"B000026EGR","0.00"
"B00004SX3C","0.00"
"B00005UW50","0.00"
"B00000E2TC","0.00"
"B000026OW3","0.00"
"B000026FKV","0.00"
"B000174LU2","0.00"
"B00004WER4","0.00"
"B000031WBV","0.00"
"B000031WBU","0.00"
"B00005KK4M","0.00"
"B000060O5B","0.00"
"B0000245XY","0.00"
"B00008CLJK","0.00"
"B0002QXS6K","0.00"
"B000062V2N","0.00"
"B0000258L4","0.00"
"B00004STZB","0.00"
"B00005QW37","0.00"
"B000025GLV","0.00"
"B000025DBU","0.00"
"B0000262IR","0.00"
"B000025I51","0.00"
"B0000262I8","0.00"
"B000031WBU","0.00"
"B000031WBV","0.00"
"B000025DBU","0.00"
"B000025GLV","0.00"
"B0000262IR","0.00"
"B000026F9W","0.00"
"B0000014HX","0.00"
"B000003FD2","0.00"
"B00006LA5V","0.00"
"B000088DTD","0.00"
"B00004T2PT","0.00"
"B000056EVN","0.00"
"B00005NUPP","0.00"
"B0007CEXAO","0.00"
"B0001ZA2IE","0.00"
"B00002494M","0.00"
"B0000646Z1","0.00"
"B0002IPZ78","0.00"
"B000031WYN","0.00"
"B00022GHR6","0.00"
"B0000245HJ","0.00"
"B0000262IR","0.00"
"B000025DBU","0.00"
"B000025GLV","0.00"
"B0002XV2XO","0.00"
"B00004WIID","0.00"
"B000295TXC","0.00"
"B000000SBV","0.00"
"B00009VHA2","0.00"
"B00005RCIV","0.00"
"B0000C9V3K","0.00"
"B0002TB5V2","0.00"
"B0000241WM","0.00"
"B000083GOF","0.00"
"B000028AE6","0.00"
"B00005UOKT","0.00"
"B0009W4M4E","0.00"
"B000026EM7","0.00"
"B0000012XQ","0.00"
"B000024ZEK","0.00"
"B000001G4R","0.00"
"B0006B96BW","0.00"
"B00004WER3","0.00"
"B000025FHD","0.00"
"B00006RJ22","0.00"
"B0000E39MD","0.00"
"B000031WYO","0.00"
"B0002E4ABY","0.00"
"B0000246DI","0.00"
"B00009V91I","0.00"
"B00000142W","0.00"
"B0000247Q5","0.00"
"B000024MAQ","0.00"
"B0000270EO","0.00"
"B0002SZVUY","0.00"
"B00063IWUG","0.00"
"B0000012YO","0.00"
"B000001GQY","0.00"
"B00005IA25","0.00"
"B00002755X","0.00"
"B00004XT26","0.00"
"B0000VAW5M","0.00"
"B00002429Y","0.00"
"B000026CLF","0.00"
"B0000A01J6","0.00"
"B00021LQ6Y","0.00"
"B0007LPJSK","0.00"
"B000024MDB","0.00"
"B000023XZS","0.00"
"B000024767","0.00"
"B000023Y57","0.00"
"B000024KJF","0.00"
"B00004R7UX","0.00"
"B000025OGC","0.00"
"B0000B1JWG","0.00"
"B000026DMC","0.00"
"B0000E3HM3","0.00"
"B00005OM7W","0.00"
"B0007WQHVC","0.00"
"B000024VGW","0.00"
"B00005UW4P","0.00"
"B00005ONP2","0.00"
"B00008RWRI","0.00"
"B00000IWWM","0.00"
"B0000AYLLY","0.00"
"B000000SP2","0.00"
"B0002JZ2BQ","0.00"
"B00005UNXF","0.00"
"B0000665Z8","0.00"
"B0000260UL","0.00"
"B0000261KA","0.00"
"B00009OOJT","0.00"
"B0000267S4","0.00"
"B000002SKH","0.00"
"B0000206AN","0.00"
"B000038I7W","0.00"
"B000023XE7","0.00"
"B0009WFFS6","0.00"
"B0002Y4T92","0.00"
"B000A14OT2","0.00"
"B000AM6N9U","0.00"
"B0001WGDXA","0.00"
"B000026BOM","0.00"
"B000025U60","0.00"
"B000025U5T","0.00"
"B0000268OI","0.00"
"B000026F1O","0.00"
"B0000262WV","0.00"
"B00005B5MC","0.00"
"B0000A9DZV","0.00"
"B0009A4200","0.00"
"B000024255","0.00"
"B0002XDOG2","0.00"
"B00006L3S5","0.00"
"B000027ETF","0.00"
"B0006IGQ72","0.00"
"B000024XZ5","0.00"
"B0000242X1","0.00"
"B000023ZLW","0.00"
"B0000012XC","0.00"
"B00005KK4M","0.00"
"B0002HTZKW","0.00"
"B00009N2LD","0.00"
"B0009W4M3U","0.00"
"B00006K06W","0.00"
"B00076OMW4","0.00"
"B000028CTM","0.00"
"B000028AE6","0.00"
"B000025G1R","0.00"
"B00002600H","0.00"
"B0002XV2XO","0.00"
"B00000IWWM","0.00"
"B000001G7Y","0.00"
"B00008RWRI","0.00"
"B0000AYLLY","0.00"
"B0000C8XJ9","0.00"
"B000023Z37","0.00"
"B0002TKFS6","0.00"
"B00005A8D2","0.00"
"B00005T7AQ","0.00"
"B000068RQ5","0.00"
"B00008AWUZ","0.00"
"B0007QS1VW","0.00"
"B00069KFJQ","0.00"
"B000A7KJP4","0.00"
"B000AYQJ38","0.00"
"B000BGIAY6","0.00"
"B0002LDMF2","0.00"
"B0002VF5B6","0.00"
"B0002VF5D4","0.00"
"B00069KFJQ","0.00"
"B000BS6XZW","0.00"
"B0000A9ZUQ","0.00"
"B0000E3HLD","0.00"
"B000621P4W","0.00"
"B000679QJ8","0.00"
"B0000505HK","0.00"
"B00005T7AQ","0.00"
"B000068RQ5","0.00"
"B00013YWH8","0.00"
"B0002UUO9K","0.00"
"B00061S0K0","0.00"
"B000621OL6","0.00"
"B000AXSN6U","0.00"
"B000B7G04C","0.00"
"B000BGIAY6","0.00"
"B000BW9BZW","0.00"
"B00004R775","0.00"
"B00004YVUX","0.00"
"B00006RYOL","0.00"
"B0000E5SLB","0.00"
"B00009LW5L","0.00"
"B0000505HM","0.00"
"B000065TWQ","0.00"
"B00006IU5S","0.00"
"B0000DB56Q","0.00"
"B00061S0K0","0.00"
"B000050ADO","0.00"
"B00007FOO0","0.00"
"B000094HLU","0.00"
"B00004RYZT","0.00"
"B00012BCW2","0.00"
"B0000902HD","0.00"
"B0000CDNR8","0.00"
"B00005N96K","0.00"
"B00005RD3W","0.00"
"B0007DDPWU","0.00"
"B000BKHF9I","0.00"
"B000BU2DC2","0.00"
"B000BL1PV6","0.00"
"B0009VJVJG","0.00"
"B000BS6Y2E","0.00"
"B0009U55X8","0.00"
"B000A6C23W","0.00"
"B0000DK4ON","0.00"
"B0000DK4OO","0.00"
"B000A6C246","0.00"
"B000A6C24G","0.00"
"B000A6C24Q","0.00"
"B0006H2VCM","0.00"
"B0000CGP44","0.00"
"B000BUNYWA","0.00"
"B000BUNYWK","0.00"
"B000BUNYXE","0.00"
"B000A6C24G","0.00"
"B0000DK4ON","0.00"
"B0000DK4OO","0.00"
"B000A6C23W","0.00"
"B000A6C246","0.00"
"B000A6C24Q","0.00"
"B000266WYK","0.00"
"B0000D7ZE8","0.00"
"B0000CGV49","0.00"
"B000BSNH1U","0.00"
"B000C1YLRA","0.00"
"B0007W22M0","0.00"
"B0007X9T5M","0.00"
"B0009HL8EQ","0.00"
"B000620NAY","0.00"
"B00062ICU2","0.00"
"B0000A1H3Y","0.00"
"B0000DK4ON","0.00"
"B0000DK4OO","0.00"
"B000A6C23W","0.00"
"B000A6C24G","0.00"
"B000A6C24Q","0.00"
"B0002VF6AG","0.00"
"B00007BHME","0.00"
"B0000CAPXD","0.00"
"B000A32WEO","0.00"
"B0009JOPDU","0.00"
"B000063TE2","0.00"
"B00004R78O","0.00"
"B00006ALCH","0.00"
"B0002I8UCA","0.00"
"B0002Y4T92","0.00"
"B0000CGCXP","0.00"
"B0002N7I7S","0.00"
"B0009WFFS6","0.00"
"B000A14OT2","0.00"
"B000A14OT2","0.00"
"B00067OLN4","0.00"
"B0000CDNR8","0.00"
"B00012BCW2","0.00"
"B000B8T296","0.00"
"B00005R7UI","0.00"
"B00008S7KC","0.00"
"B0007QS1VW","0.00"
"B000B9PW6M","0.00"
"B0002CPF74","0.00"
"B000640PO6","0.00"
"B0006N20RC","0.00"
"B0007QS1YO","0.00"
"B000BYVJS2","0.00"
"B000B6TQQ2","0.00"
"B000C5RRQI","0.00"
"B000C5RRQS","0.00"
"B000266XCQ","0.00"
"B00005NJJ9","0.00"
"B000266XCG","0.00"
"B00004S5QR","0.00"
"B0001NNLQ6","0.00"
"B0000SZLJ2","0.00"
"B00005N96K","0.00"
"B0007DDPWK","0.00"
"B0007DDPWU","0.00"
"B000B9TVDW","0.00"
"B0006ICFI6","0.00"
"B000CCB13G","0.00"
"B000621P4W","0.00"
"B00008W42Z","0.00"
"B0002YCY8K","0.00"
"B000621OL6","0.00"
"B000679QJ8","0.00"
"B000AYQJ38","0.00"
"B000936H82","0.00"
"B0000577C9","0.00"
"B0002LDMFM","0.00"
"B00063F7OK","0.00"
"B0006391OW","0.00"
"B00005U8E6","0.00"
"B0000C6IW5","0.00"
"B00004UF0X","0.00"
"B0000CAWBD","0.00"
"B0000CAWBE","0.00"
"B0002YCY8K","0.00"
"B00004CZPF","0.00"
"B000679QJ8","0.00"
"B00069KFJQ","0.00"
"B000B5KEDM","0.00"
"B0002LDMF2","0.00"
"B000ATJYZ8","0.00"
"B0000DK4OO","0.00"
"B000A6C23W","0.00"
"B000A6C246","0.00"
"B000A6C24G","0.00"
"B000B9PUY6","0.00"
"B00003JA0U","0.00"
"B00005J6SK","0.00"
"B0001OGUJA","0.00"
"B000620NB8","0.00"
"B000053ZRR","0.00"
"B0001CVJ3O","0.00"
"B0009V8V2Y","0.00"
"B0009S6QV0","0.00"
"B0000VWYS0","0.00"
"B0002N7I7S","0.00"
"B00066KX46","0.00"
"B00005U0GD","0.00"
"B0001EQHGG","0.00"
"B0006O9MWW","0.00"
"B000050X3W","0.00"
"B00005QC21","0.00"
"B00005UDN7","0.00"
"B00006OA2V","0.00"
"B0009VK41K","0.00"
"B00006J9TY","0.00"
"B000BNDBS4","0.00"
"B0000CAWBD","0.00"
"B0000C6IW5","0.00"
"B0000CAWBE","0.00"
"B0001U0IWY","0.00"
"B000BZ8BX2","0.00"
"B0007X9T5M","0.00"
"B000A3VU5Q","0.00"
"B0006N20RC","0.00"
"B00062RBZE","0.00"
"B000BUNW8Q","0.00"
"B00003JA91","0.00"
"B00005UDFU","0.00"
"B000066I6V","0.00"
"B000066I6X","0.00"
"B000654U46","0.00"
"B0009MA9D2","0.00"
"B00004W0W3","0.00"
"B0006N20RC","0.00"
"B00008WDAI","0.00"
"B0001J0BA4","0.00"
"B00005NMYY","0.00"
"B000249FNC","0.00"
"B000BRBH90","0.00"
"B0000ULZQ8","0.00"
"B0000PCBFW","0.00"
"B0009ENGJ4","0.00"
"B00008S7KC","0.00"
"B000A7KJP4","0.00"
"B000ALVTJA","0.00"
"B000B6TQQ2","0.00"
"B000C5RRQI","0.00"
"B000C5RRQS","0.00"
"B00012BCW2","0.00"
"B0002TB60W","0.00"
"B0002VF5D4","0.00"
"B000A6UWKW","0.00"
"B000642JG8","0.00"
"B00006L9Z4","0.00"
"6304498977","0.00"
"6305610444","0.00"
"B00005QX8H","0.00"
"B0002VF5V6","0.00"
"B0007QS1YO","0.00"
"B000A2XCGM","0.00"
"B0002I8UCA","0.00"
"B00006ALCH","0.00"
"B0001KZNYW","0.00"
"B0007N4MRW","0.00"
"B00005JDG7","0.00"
"B0008ENMW6","0.00"
"B00005R5VJ","0.00"
"B00007ECLA","0.00"
"B000640PO6","0.00"
"B0000517F5","0.00"
"B00005UDFU","0.00"
"B000063DMI","0.00"
"B0002U9JIM","0.00"
"B000B6OJGY","0.00"
"B000051YI5","0.00"
"B000AOWD2O","0.00"
"B000059X1E","0.00"
"B000AS1JHA","0.00"
"B000BDIW9M","0.00"
"B0009AM69O","0.00"
"B000BBS5L4","0.00"
"B000064229","0.00"
"630463949X","0.00"
"B00005OM5L","0.00"
"B000068C4V","0.00"
"B0007ZIYWE","0.00"
"B000A7KM5Q","0.00"
"B0002LDMF2","0.00"
"B0002VF5B6","0.00"
"B00004W0W3","0.00"
"B0000A9ZUQ","0.00"
"B0002W36F2","0.00"
"B00008Y4JD","0.00"
"B000B9PW6M","0.00"
"B000BPK2MA","0.00"
"B000850GR4","0.00"
"B000AQBALW","0.00"
"B0007DDPWU","0.00"
"B00005N96K","0.00"
"B0007DDPWK","0.00"
"B000BW9HLK","0.00"
"B000BUEP6Y","0.00"
"B0000DKQWR","0.00"
"B000A6UWKW","0.00"
"B00005AWFB","0.00"
"B0000DGDMF","0.00"
"B000BFH3M2","0.00"
"B0006H2UI2","0.00"
"B000696Q2G","0.00"
"B00005UOC7","0.00"
"B000069CVK","0.00"
"B00005RT2S","0.00"
"B000BKSHQ8","0.00"
"B000BR4LJI","0.00"
"B000A6QY40","0.00"
"6305342784","0.00"
"630463949X","0.00"
"B000AQBAL2","0.00"
"B000B64VVM","0.00"
"B000BL99LO","0.00"
"B0006IGJ2Y","0.00"
"B0007KVDF4","0.00"
"B0009U55X8","0.00"
"B00004WGZG","0.00"
"B0000CAPU2","0.00"
"B000B3MJ4G","0.00"
"B00004WGZG","0.00"
"B00019RAG2","0.00"
"B000B7G042","0.00"
"B000AYQJ3I","0.00"
"B000B7G04C","0.00"
"B000BGIAY6","0.00"
"B000BJA91A","0.00"
"B000053ZL2","0.00"
"B0000D7ZE0","0.00"
"B00065VU58","0.00"
"B00064HR0Q","0.00"
"B0002TB2XI","0.00"
"B0009QYQ8W","0.00"
"B0009JDRO8","0.00"
"B000CFWGFK","0.00"
"B00007DWOT","0.00"
"B0000577C9","0.00"
"B00006IU5R","0.00"
"B0002LDMFM","0.00"
"B0009U55X8","0.00"
"B0000CAPU2","0.00"
"B00009QNXK","0.00"
"B0000CGCXP","0.00"
"B00019RAG2","0.00"
"B0002KP6DO","0.00"
"B0007VV7MW","0.00"
"B00012BCW2","0.00"
"B0007YP0WC","0.00"
"B000A9QL1I","0.00"
"B00094OBS4","0.00"
"B000B2XZ22","0.00"
"B000BITVP6","0.00"
"B0009OJ9A4","0.00"
"B00008WD7G","0.00"
"B0000DG7C0","0.00"
"B00023B1A8","0.00"
"B00068C7VQ","0.00"
"B00004T2DO","0.00"
"B0000009V2","0.00"
"B00002R2Q6","0.00"
"B00004WIUY","0.00"
"B000025HIR","0.00"
"B00001WRKM","0.00"
"B000024J28","0.00"
"B000ASAEQ2","0.00"
"B000002S7I","0.00"
"B000001WM9","0.00"
"B00004W9YQ","0.00"
"B000002J08","0.00"
"B000002IZI","0.00"
"B0000WKOT0","0.00"
"B00004UX2S","0.00"
"B0000284GO","0.00"
"B00006LWQU","0.00"
"B0002VESQO","0.00"
"B0002QXRTI","0.00"
"B000B0QSX2","0.00"
"B00006LI2Z","0.00"
"B00000212Q","0.00"
"B00000212S","0.00"
"B00000212T","0.00"
"B00000212U","0.00"
"B000000UWU","0.00"
"B0009W5JH8","0.00"
"B000025RGR","0.00"
"B0000DKKWT","0.00"
"B000024RYY","0.00"
"6302691060","0.00"
"B0000243CY","0.00"
"B0002739SG","0.00"
"B000026FU9","0.00"
"B0000247L8","0.00"
"B00006C2OI","0.00"
"B000AP2YT0","0.00"
"B0009F2GL2","0.00"
"B000024O0L","0.00"
"B000024MIR","0.00"
"B00004S7K2","0.00"
"B00008FN23","0.00"
"B00008FN24","0.00"
"B0002VKZJ8","0.00"
"B00006WL5N","0.00"
"B000002P2X","0.00"
"B00000583W","0.00"
"B00000EYC2","0.00"
"B000228E0E","0.00"
"B000026X2E","0.00"
"B00004S2EN","0.00"
"B0002N5VZY","0.00"
"B000026U36","0.00"
"B000023YHC","0.00"
"B0000241BU","0.00"
"B000023YHD","0.00"
"B000024L8N","0.00"
"B00000IAK2","0.00"
"B000024H2I","0.00"
"B000025ENW","0.00"
"B0002IVMM0","0.00"
"B0002IVMLQ","0.00"
"B000024U37","0.00"
"B000005A2S","0.00"
"B00001ZWGG","0.00"
"B0000SVWQS","0.00"
"B000024WD7","0.00"
"B000250UP8","0.00"
"B0000278UO","0.00"
"B000002K1I","0.00"
"B000002W2L","0.00"
"B000024KWC","0.00"
"B0000267X8","0.00"
"B0000267X8","0.00"
"B000024KWC","0.00"
"B000056SZ2","0.00"
"B000002WVI","0.00"
"B000025SCN","0.00"
"B0000282UZ","0.00"
"B0009WFEIW","0.00"
"B00008J2SU","0.00"
"B00005NWMT","0.00"
"B00000J97W","0.00"
"B000024BVQ","0.00"
"B000062TAJ","0.00"
"B0000525KI","0.00"
"B000050GI2","0.00"
"B000002OVL","0.00"
"B0000282XP","0.00"
"B0000282WF","0.00"
"B000024A23","0.00"
"B000028DBJ","0.00"
"B0000C8WYE","0.00"
"B0000282Z8","0.00"
"B000002SQ6","0.00"
"B000002LGG","0.00"
"B000024D3U","0.00"
"B000B837T2","0.00"
"B0000282Z0","0.00"
"B000003W8E","0.00"
"B0009F2H66","0.00"
"B00000I42T","0.00"
"B000025XJ0","0.00"
"B000024D5D","0.00"
"B00002MZ1W","0.00"
"B0000248CA","0.00"
"B000024L5C","0.00"
"B000024DX7","0.00"
"B000031W8G","0.00"
"B000024E48","0.00"
"B00002ZZ5H","0.00"
"B000001O29","0.00"
"B00002803S","0.00"
"B00025YHXO","0.00"
"B00001ZWL9","0.00"
"B0000017Z2","0.00"
"B00004R5Z2","0.00"
"B000001DEW","0.00"
"B0000258HT","0.00"
"B000026XJJ","0.00"
"B0007WD8BY","0.00"
"B000ALM1RE","0.00"
"B00012QCV8","0.00"
"B000059M79","0.00"
"B0000BZSXT","0.00"
"B00006HARW","0.00"
"B00004LCAV","0.00"
"B000051MWJ","0.00"
"B000025YKZ","0.00"
"B000024UK5","0.00"
"B00069JA2Y","0.00"
"B0002PZWQ0","0.00"
"B00030CH3K","0.00"
"B0007KTIN8","0.00"
"B0009FU17S","0.00"
"B000ANPX7C","0.00"
"B00000AWIP","0.00"
"B00064200S","0.00"
"B0002S2Z12","0.00"
"B000024CXH","0.00"
"B0007ZHWRM","0.00"
"3570128032","0.00"
"3570127753","0.00"
"3570127761","0.00"
"3570128040","0.00"
"3791504673","0.00"
"3551555559","0.00"
"3791504673","0.00"
"3423085592","0.00"
"3937825002","0.00"
"3937825045","0.00"
"3937825061","0.00"
"3937825177","0.00"
"3789106917","0.00"
"3789129402","0.00"
"3789141143","0.00"
"3789141305","0.00"
"3522133501","0.00"
"3772522513","0.00"
"3551553289","0.00"
"3522176502","0.00"
"3407785682","0.00"
"3468268432","0.00"
"3788602554","0.00"
"3788602414","0.00"
"3788602414","0.00"
"3788602465","0.00"
"352217710X","0.00"
"3522177088","0.00"
"3832003215","0.00"
"3809408247","0.00"
"3785550723","0.00"
"3499212358","0.00"
"3785554257","0.00"
"3404153200","0.00"
"3866151128","0.00"
"3866151101","0.00"
"3866151136","0.00"
"3866151152","0.00"
"3866151160","0.00"
"3866151470","0.00"
"B000000WW4","0.00"
"B000025JNV","0.00"
"B00004R9DC","0.00"
"B000099156","0.00"
"B000031WTO","0.00"
"B00030GMQ8","0.00"
"B00006C2OJ","0.00"
"B00004R7WK","0.00"
"B00000JQHW","0.00"
"B00008LDN8","0.00"
"B0000041YE","0.00"
"B0000A01J6","0.00"
"B00002646V","0.00"
"B00005NYAW","0.00"
"B000062V2L","0.00"
"B000024AZB","0.00"
"B000026B70","0.00"
"B000094HLE","0.00"
"B0002IRXZ0","0.00"
"B000003CY2","0.00"
"B000056TKI","0.00"
"B000099156","0.00"
"B0002JZ32E","0.00"
"B0002H24N2","0.00"
"B000026CGK","0.00"
"B0007OP69E","0.00"
"B000026DFH","0.00"
"B0000266K2","0.00"
"B0000262I8","0.00"
"B00006GOCT","0.00"
"B0000W3N8O","0.00"
"B0009NSATG","0.00"
"B0000CAWBE","0.00"
"B0000C6IW5","0.00"
"B0000C9V8S","0.00"
"B0000CAWBD","0.00"
"B00061I0RI","0.00"
"B000B8ITCW","0.00"
"B0002LDMF2","0.00"
"B000A7X7PI","0.00"
"B00078JZ9W","0.00"
"B00005QC21","0.00"
"B000050X3W","0.00"
"B00005UDN7","0.00"
"B0002ONAZQ","0.00"
"B00006316A","0.00"
"B0001NDIZ0","0.00"
"B0006BLIYK","0.00"
"B000BNDBS4","0.00"
"B000B3MJ4G","0.00"
"B00078JZ9W","0.00"
"B0009NZ1BG","0.00"
"B000B5KEE6","0.00"
"B000BLI5XC","0.00"
"B000023ZYY","0.00"
"B00023BHE8","0.00"
"B000007N12","0.00"
"B00009YW8X","0.00"
"B0000240RX","0.00"
"B00004Z55W","0.00"
"3821228482","0.00"
"3833900903","0.00"
"B000ATJZK2","0.00"
"B0009299KQ","0.00"
"B0007MSOZE","0.00"
"B000026BUF","0.00"
"B0002XK4FQ","0.00"
"B00005RS12","0.00"
"B0007Q6PW4","0.00"
"3895848271","0.00"
"3596803276","0.00"
"B00028VJXC","0.00"
"B00009PBWK","0.00"
"B0002EG9XG","0.00"
"B0000E39O2","0.00"
"B000025H1Z","0.00"
"B000BL9A0Y","0.00"
"B0000BVM02","0.00"
"B00069W4J0","0.00"
"B0002DSBXI","0.00"
"B000056FG6","0.00"
"B00006OA27","0.00"
"3833714212","0.00"
"3551566666","0.00"
"3596800641","0.00"
"3791504541","0.00"
"3791504576","0.00"
"3791504673","0.00"
"354860627X","0.00"
"347177274X","0.00"
"3473344273","0.00"
"3551566666","0.00"
"3791504673","0.00"
"3522177134","0.00"
"3522177231","0.00"
"3522177355","0.00"
"3522177592","0.00"
"3522177606","0.00"
"3522177622","0.00"
"352210580X","0.00"
"3522105907","0.00"
"3522106202","0.00"
"3522110803","0.00"
"3522115201","0.00"
"3522119800","0.00"
"3800020874","0.00"
"3800020432","0.00"
"3800020882","0.00"
"3800050021","0.00"
"380005003X","0.00"
"3800050048","0.00"
"3551551677","0.00"
"3551555559","0.00"
"3895847038","0.00"
"3899407334","0.00"
"344254579X","0.00"
"3442545803","0.00"
"3442545811","0.00"
"3442545870","0.00"
"3442545889","0.00"
"3899402693","0.00"
"3423620927","0.00"
"3125611881","0.00"
"3190053588","0.00"
"3937825010","0.00"
"3937825045","0.00"
"3937825061","0.00"
"3401052330","0.00"
"3833212888","0.00"
"3833211946","0.00"
"B0002CX4R2","0.00"
"3938276010","0.00"
"3938276061","0.00"
"3522176219","0.00"
"3505120847","0.00"
"3120101702","0.00"
"3522110803","0.00"
"3898134180","0.00"
"3401086472","0.00"
"3401074210","0.00"
"3401075446","0.00"
"3401081853","0.00"
"3401087916","0.00"
"3789142514","0.00"
"3551552312","0.00"
"3833211946","0.00"
"3833212888","0.00"
"3423622261","0.00"
"359680342X","0.00"
"3499205521","0.00"
"3423079819","0.00"
"3505122017","0.00"
"3505121193","0.00"
"3499203235","0.00"
"3833930012","0.00"
"3898132730","0.00"
"3898132714","0.00"
"3401058207","0.00"
"3401087916","0.00"
"3492045421","0.00"
"3442339049","0.00"
"3442545889","0.00"
"3442545803","0.00"
"3442545811","0.00"
"3570215954","0.00"
"3522177096","0.00"
"3522177088","0.00"
"352217710X","0.00"
"3785553382","0.00"
"3785549733","0.00"
"3785555350","0.00"
"3899962648","0.00"
"B000024MAQ","0.00"
"B0000247Q5","0.00"
"B000026F1P","0.00"
"B00004RKJJ","0.00"
"B000059X54","0.00"
"B0000A01L7","0.00"
"B00004VXD2","0.00"
"B0000042H2","0.00"
"B00000I92V","0.00"
"B0000270EO","0.00"
"B00000142W","0.00"
"B0000247Q5","0.00"
"B000024MAQ","0.00"
"B0000A01L7","0.00"
"B000001GGV","0.00"
"B0000245HJ","0.00"
"B00022GHR6","0.00"
"B000024193","0.00"
"B0000035PZ","0.00"
"B000025JNV","0.00"
"B000025KMH","0.00"
"B0000247K8","0.00"
"B00004SX3C","0.00"
"B0000TI3RS","0.00"
"B000002RML","0.00"
"B00005A797","0.00"
"B000099156","0.00"
"B0000E3HLD","0.00"
"B000621P4W","0.00"
"B000AYQJ38","0.00"
"B0001XP2SG","0.00"
"B0008ENMW6","0.00"
"B00005JDG7","0.00"
"B0007N4MRW","0.00"
"B000620NBS","0.00"
"B00062ICU2","0.00"
"B0000W3N8E","0.00"
"B0009NSATG","0.00"
"B00005UJAV","0.00"
"B00005M1BG","0.00"
"B0002Y64FE","0.00"
"B000654UJG","0.00"
"B0009RNL96","0.00"
"B000065TWQ","0.00"
"B0000505HM","0.00"
"B00006IU5S","0.00"
"B00009LW5L","0.00"
"B000AXSN6U","0.00"
"B000286SCO","0.00"
"B000059ZLH","0.00"
"B0002WYS6S","0.00"
"B0002WYS6S","0.00"
"B000286SCO","0.00"
"B0007WCDXI","0.00"
"B000AQBAL2","0.00"
"B000BL99LO","0.00"
"B0002JZ30G","0.00"
"B0002TTWU8","0.00"
"B0007VCV68","0.00"
"B00005YEWO","0.00"
"B00000EK23","0.00"
"B0000036BW","0.00"
"B000002X1K","0.00"
"B00005NWMU","0.00"
"B0002PUHI8","0.00"
"B00002R2TN","0.00"
"B0001GH4DO","0.00"
"B000BR4LJI","0.00"
"B0009HL8BE","0.00"
"B000002V07","0.00"
"B0000251I3","0.00"
"B0002ZUIMI","0.00"
"B00008G9GX","0.00"
"B000006YGZ","0.00"
"B000006YH1","0.00"
"B0001ZWJSA","0.00"
"3831822859","0.00"
"3596803276","0.00"
"3596800064","0.00"
"3596802601","0.00"
"357030258X","0.00"
"3407788738","0.00"
"3570301931","0.00"
"3570302288","0.00"
"3833934824","0.00"
"3821229268","0.00"
"383152100X","0.00"
"3596851602","0.00"
"3596851599","0.00"
"3800020882","0.00"
"3800020432","0.00"
"3800020874","0.00"
"3800050048","0.00"
"3870676590","0.00"
"3401024434","0.00"
"3401044923","0.00"
"3831814775","0.00"
"3931081249","0.00"
"3937825010","0.00"
"3937825061","0.00"
"3937825134","0.00"
"3937825266","0.00"
"3423621915","0.00"
"3446205160","0.00"
"3473344273","0.00"
"347177274X","0.00"
"3473344435","0.00"
"3473344702","0.00"
"3401027050","0.00"
"3570129993","0.00"
"3570129977","0.00"
"3570130177","0.00"
"3404153219","0.00"
"3491240735","0.00"
"3442545870","0.00"
"3442545803","0.00"
"3442545811","0.00"
"B00004YMM2","0.00"
"B000066JMR","0.00"
"B00008Y4QR","0.00"
"B0002QXRJS","0.00"
"B0009W4M62","0.00"
"B0000AXM2V","0.00"
"B000001GQ1","0.00"
"B000024XGJ","0.00"
"B000001GQ1","0.00"
"B00002ZMNV","0.00"
"B0007KVAZM","0.00"
"B00005OM5L","0.00"
"B000064229","0.00"
"B000620NAY","0.00"
"B000620NBS","0.00"
"B0007Z0VZC","0.00"
"B000BUNYWA","0.00"
"B000BUNYXE","0.00"
"B0000SZLJ2","0.00"
"B00005UJYW","0.00"
"B00005QZWN","0.00"
"B00005NMYY","0.00"
"B00068C824","0.00"
"B0009NZ1BG","0.00"
"B00005RSCH","0.00"
"B000A3OONQ","0.00"
"B000025ERK","0.00"
"3831822859","0.00"
"B00007DWOT","0.00"
"B0001BDJY2","0.00"
"B00004SX3C","0.00"
"B0000E39MD","0.00"
"B0002K7204","0.00"
"3596802601","0.00"
"3596851602","0.00"
"B00013T782","0.00"
"B0007NB9CI","0.00"
"3551354928","0.00"
"3570128032","0.00"
"3570128040","0.00"
"B00002498X","0.00"
"B00000IX6O","0.00"
"B0002Z81MW","0.00"
"B0001N9ZKW","0.00"
"B00002MHRD","0.00"
"3401023845","0.00"
"3935036582","0.00"
"3935036590","0.00"
"B00004NK26","0.00"
"B000009IT3","0.00"
"B00004YSFQ","0.00"
"B000025U5T","0.00"
"B000025U60","0.00"
"B00002DF2P","0.00"
"B000024926","0.00"
"B0000041XX","0.00"
"B00004UB8A","0.00"
"B0000A5BWW","0.00"
"B00005QZL8","0.00"
"B000094HLE","0.00"
"B000002SD2","0.00"
"B0002Y4T92","0.00"
"B00094OBS4","0.00"
"B0009WFFS6","0.00"
"B000A1CS0Y","0.00"
"3570215946","0.00"
"3570128083","0.00"
"3570302288","0.00"
"3407788738","0.00"
"3473581852","0.00"
"3570300692","0.00"
"B000083GOG","0.00"
"B0000668PG","0.00"
"3407788738","0.00"
"3453047656","0.00"
"345317738X","0.00"
"3473530190","0.00"
"3551566666","0.00"
"3785537999","0.00"
"3785553390","0.00"
"3789133051","0.00"
"B00005YH0L","0.00"
"B0000061MY","0.00"
"3800050870","0.00"
"3800051869","0.00"
"3833901055","0.00"
"B000006MIG","0.00"
"6304498969","0.00"
"B000000355","0.00"
"B000000EBM","0.00"
"B0000017B4","0.00"
"B0000035SL","0.00"
"B00008F5FA","0.00"
"B000007SYR","0.00"
"B00000DZFK","0.00"
"B00000ELBM","0.00"
"B000025LW0","0.00"
"B000005CRA","0.00"
"B00003E443","0.00"
"B00004ZD57","0.00"
"B0000508P9","0.00"
"B000059ZZO","0.00"
"B00000DLX7","0.00"
"B000BGHBK0","0.00"
"B000066SNR","0.00"
"B00006J9MK","0.00"
"B00006JYJJ","0.00"
"B00007G75C","0.00"
"B00008PZW9","0.00"
"B00009MGGF","0.00"
"B0000A4GEK","0.00"
"B0000DKKVL","0.00"
"B00016W8A8","0.00"
"B0001K9IJI","0.00"
"B0002X4U9W","0.00"
"B000654OVA","0.00"
"B00065VRX8","0.00"
"B00066KWNS","0.00"
"B0006JJFBU","0.00"
"B0007LYS0A","0.00"
"B0007YP0UY","0.00"
"B0007Z9PTK","0.00"
"B0009JOOZE","0.00"
"B000AC5AY4","0.00"
"B00099BPNS","0.00"
"B000BNTAFM","0.00"
"B000BXJG4C","0.00"
"B000C5RRQI","0.00"
"B000BJS4P8","0.00"
"B000CEVV5C","0.00"
"B00069W4J0","0.00"
"B000AYQDW0","0.00"
"B000AS1H9K","0.00"
"B000CAKWNS","0.00"
"B000063XSP","0.00"
"B0009FHKPO","0.00"
"B0000TI3RS","0.00"
"B00009AHNC","0.00"
"B000ANPX7C","0.00"
"B00006JYLL","0.00"
"B0001BUCHE","0.00"
"B000AP4GY6","0.00"
"B0000365G8","0.00"
"B00008CR3M","0.00"
"B000A7KM5Q","0.00"
"B000BL99KA","0.00"
"B0000C3I1I","0.00"
"B0007UARJW","0.00"
"B0006Q0XL4","0.00"
"B00000B1OM","0.00"
"B00005MNO3","0.00"
"B000ARCDYO","0.00"
"B000B7G0II","0.00"
"B00008DCDQ","0.00"
"B00005RY7X","0.00"
"B0009JDRO8","0.00"
"B00004TG60","0.00"
"B00004TGEJ","0.00"
"B0000676WX","0.00"
"B000B66PD4","0.00"
"B000005S0K","0.00"
"B0009HL8BE","0.00"
"B0000BZSXT","0.00"
"B00004VX87","0.00"
"B0000E6LS5","0.00"
"B000BBS5LO","0.00"
"B0009Z5TZW","0.00"
"B0006957SA","0.00"
"B0000BVM01","0.00"
"B000006YMN","0.00"
"B0001K9EXI","0.00"
"B000BQV8MC","0.00"
"B0009WFS2E","0.00"
"B0000CD5HG","0.00"
"B00009MDDW","0.00"
"B0000046WZ","0.00"
"B00004YMTH","0.00"
"B000095IVK","0.00"
"B0000E5SK9","0.00"
"B0001O3VXS","0.00"
"B0006IIOYK","0.00"
"B000AQNK9W","0.00"
"B0000089BZ","0.00"
"B00080Z75K","0.00"
"B00006313Y","0.00"
"B00067ZPBG","0.00"
"B000A8AXHM","0.00"
"B0001XANSA","0.00"
"B0001LNT06","0.00"
"B000050X3Z","0.00"
"B00000B44F","0.00"
"B0007P35FU","0.00"
"B0000BX8BI","0.00"
"B00000J6BB","0.00"
"B00009QRBN","0.00"
"B000683TPO","0.00"
"B00000JAD4","0.00"
"B000BL9A0Y","0.00"
"B00004XN07","0.00"
"B000003W0C","0.00"
"B0000033IS","0.00"
"B000AQNK9M","0.00"
"B000B6ETDC","0.00"
"B000CR5REA","0.00"
"B0000060NN","0.00"
"B0001J3VYW","0.00"
"B0000BACFM","0.00"
"B00030EJOU","0.00"
"B000CEV97M","0.00"
"B0006FNI94","0.00"
"B0007V3P4U","0.00"
"B00068WJLE","0.00"
"B00005KBBX","0.00"
"B00000DBGN","0.00"
"B000084QSU","0.00"
"B000BDIYCM","0.00"
"B0000ADYE6","0.00"
"B00008DKA7","0.00"
"B00007FOM0","0.00"
"B0009NDGRW","0.00"
"B000059GLI","0.00"
"B0002UJKCW","0.00"
"B000003ZVH","0.00"
"B000007OWQ","0.00"
"B0001EQHFW","0.00"
"B0002CWXQU","0.00"
"B0009FU17S","0.00"
"B000075A1U","0.00"
"B0007XTOOS","0.00"
"B00008PZW3","0.00"
"B00005QTMZ","0.00"
"B0001QNOC4","0.00"
"B0009Z5CAO","0.00"
"B0006IQLMW","0.00"
"B000A5DNBS","0.00"
"B0002WRVUS","0.00"
"B00007GZ7T","0.00"
"B00077374C","0.00"
"B000BJ7CI8","0.00"
"B00005COVC","0.00"
"B0000AGE13","0.00"
"B0004FRW0C","0.00"
"B00064HR0Q","0.00"
"B0000D7ZDS","0.00"
"B00006L744","0.00"
"B0001U1PYO","0.00"
"B00004OCQ7","0.00"
"B0002LGWQ8","0.00"
"B000BBGBKQ","0.00"
"B0007SK9RY","0.00"
"B000068VMU","0.00"
"B0001BYHJ8","0.00"
"B00000I6EX","0.00"
"B00007L9XV","0.00"
"B000AMUUHG","0.00"
"B0000C9ZT4","0.00"
"B00013MWYI","0.00"
"B00005B5MZ","0.00"
"B0007NB9DW","0.00"
"B000006XDQ","0.00"
"B0006J1HE8","0.00"
"B000067731","0.00"
"B00006F7OH","0.00"
"B0009RRSFE","0.00"
"B000005YNW","0.00"
"B000AGK9FU","0.00"
"B000160QIO","0.00"
"B000CR5RFO","0.00"
"B000056H7K","0.00"
"B00008G9GX","0.00"
"B00004WSAN","0.00"
"B000BJRJ4A","0.00"
"B0000C8X6E","0.00"
"B0007LPMBE","0.00"
"B0000630XI","0.00"
"B00006J677","0.00"
"B000803PHW","0.00"
"B000B9G77A","0.00"
"B0000C9JD6","0.00"
"B000ALJ0BE","0.00"
"B00005NDZP","0.00"
"B000095JTQ","0.00"
"B00009ZXZ5","0.00"
"B0001Z64W2","0.00"
"B0007YP17Q","0.00"
"B00006JOAL","0.00"
"B0009Q0EPQ","0.00"
"B0000CCNPA","0.00"
"B000056PIB","0.00"
"B00008LEMJ","0.00"
"B00003G1IL","0.00"
"B000003GGP","0.00"
"B00005YXJ9","0.00"
"B0009K2U2W","0.00"
"B00009YNGB","0.00"
"B000069KNN","0.00"
"B000BR6D7G","0.00"
"B000AV47NU","0.00"
"B000B7I3TW","0.00"
"B000033K0T","0.00"
"B00076QGE6","0.00"
"B00000D9VP","0.00"
"B000CEZRGQ","0.00"
"B0001CKRB4","0.00"
"B00004YYSQ","0.00"
"B000BEPLWM","0.00"
"B000000OQB","0.00"
"B0001EMMQU","0.00"
"B00004C8QS","0.00"
"B000089GH7","0.00"
"B000075A6H","0.00"
"B00008G4IU","0.00"
"B000001EYI","0.00"
"B00009QEPF","0.00"
"B00006469G","0.00"
"B0002BXWZW","0.00"
"B0000631O3","0.00"
"B00009QI35","0.00"
"B0008MGGQC","0.00"
"B000APR5A8","0.00"
"B00035W08M","0.00"
"B000AC5B1G","0.00"
"B000003GGZ","0.00"
"B0001IW2Q6","0.00"
"B0001EMM4C","0.00"
"B00004YYX5","0.00"
"B0000506SC","0.00"
"B000003D1R","0.00"
"B00076NYUA","0.00"
"B00004SH3A","0.00"
"B000BM6ZXI","0.00"
"B0000ADYAV","0.00"
"B000CEZW6Q","0.00"
"B00035W0AK","0.00"
"B000003FOE","0.00"
"B00005NB6L","0.00"
"B00000AY6B","0.00"
"B00005JH6G","0.00"
"B0000C8XH9","0.00"
"B000B6KG5C","0.00"
"B000056PR7","0.00"
"B000005IW3","0.00"
"B00005QVNJ","0.00"
"B0001BPQXO","0.00"
"B00000IOBW","0.00"
"B000BDIYFO","0.00"
"B00001T3GD","0.00"
"B000088E3A","0.00"
"B0000AC8P0","0.00"
"B000003ZVF","0.00"
"B0003HFRGW","0.00"
"B000001IH6","0.00"
"B00005Y4CB","0.00"
"B000023ZW0","0.00"
"B00006GEL7","0.00"
"B00000AP3C","0.00"
"B00000B108","0.00"
"B000069KJ6","0.00"
"B0000015IZ","0.00"
"B00008DCR8","0.00"
"B000084TC3","0.00"
"3551555559","0.00"
"B00004VX9C","0.00"
"B0000073IF","0.00"
"B000001MEF","0.00"
"B000CCU7U4","0.00"
"B0000DJZ9K","0.00"
"B00006LJ95","0.00"
"B00064N7E6","0.00"
"3937406107","0.00"
"B00004W59Y","0.00"
"B0006QAI64","0.00"
"B0000YO81I","0.00"
"B000006L3Z","0.00"
"B000089RVQ","0.00"
"B00000ASSO","0.00"
"B000005RJ1","0.00"
"B0001B3YUG","0.00"
"B0000TSW7E","0.00"
"B0009YVCGS","0.00"
"B0000038YW","0.00"
"B0000018OF","0.00"
"B00003GPFN","0.00"
"B0007IK4ME","0.00"
"3791504673","0.00"
"3791504657","0.00"
"3785537549","0.00"
"3899406788","0.00"
"3800051680","0.00"
"3551551685","0.00"
"3551551693","0.00"
"3791504576","0.00"
"3551354014","0.00"
"3806750971","0.00"
"3791504541","0.00"
"3791504614","0.00"
"3789105090","0.00"
"3551353794","0.00"
"3551554013","0.00"
"3401053698","0.00"
"3785535910","0.00"
"378911989X","0.00"
"3453530055","0.00"
"3440077896","0.00"
"3431036341","0.00"
"3785554419","0.00"
"376074818X","0.00"
"3791504517","0.00"
"3789131598","0.00"
"3866151187","0.00"
"3401081853","0.00"
"386615111X","0.00"
"3898971805","0.00"
"3453180895","0.00"
"3866151071","0.00"
"378913158X","0.00"
"3898357066","0.00"
"3866151055","0.00"
"3596800064","0.00"
"379150455X","0.00"
"3789105643","0.00"
"3866151098","0.00"
"3134843080","0.00"
"3866151039","0.00"
"3833901101","0.00"
"3800051664","0.00"
"3789143073","0.00"
"3785541880","0.00"
"3401054457","0.00"
"3785540078","0.00"
"3785555474","0.00"
"3791504568","0.00"
"3548603874","0.00"
"3833959819","0.00"
"3548604854","0.00"
"3453873955","0.00"
"3190033145","0.00"
"3785540051","0.00"
"340105743X","0.00"
"3866151179","0.00"
"340105841X","0.00"
"3833936401","0.00"
"3785537530","0.00"
"3789106917","0.00"
"3570130940","0.00"
"3453873963","0.00"
"3897773058","0.00"
"3899407180","0.00"
"3785537980","0.00"
"3898357007","0.00"
"3473551090","0.00"
"378555169X","0.00"
"3789141186","0.00"
"3407798989","0.00"
"3831815895","0.00"
"3473379956","0.00"
"386615108X","0.00"
"3473344435","0.00"
"3785541864","0.00"
"3785551886","0.00"
"3401044915","0.00"
"3937406360","0.00"
"3866151160","0.00"
"3800015587","0.00"
"3551363730","0.00"
"3401041134","0.00"
"3491911818","0.00"
"3785553374","0.00"
"340105371X","0.00"
"3785549857","0.00"
"3440077934","0.00"
"3789111376","0.00"
"3473344710","0.00"
"3898357015","0.00"
"3401045571","0.00"
"3473347515","0.00"
"3789141143","0.00"
"3800050048","0.00"
"3785547951","0.00"
"3505116041","0.00"
"3789119547","0.00"
"380005003X","0.00"
"3453131711","0.00"
"3785549741","0.00"
"3785548486","0.00"
"3898831361","0.00"
"3190053588","0.00"
"3407809565","0.00"
"3980710653","0.00"
"3401057413","0.00"
"3898831175","0.00"
"350511605X","0.00"
"3593375559","0.00"
"3473379999","0.00"
"3791504665","0.00"
"3401087916","0.00"
"3794160541","0.00"
"3789133108","0.00"
"3897771136","0.00"
"3791536079","0.00"
"3110181460","0.00"
"3880105464","0.00"
"3760748848","0.00"
"3499607514","0.00"
"3551363056","0.00"
"3788606304","0.00"
"3870676590","0.00"
"3401075446","0.00"
"3800050897","0.00"
"383393641X","0.00"
"3936384347","0.00"
"3789141305","0.00"
"3570016943","0.00"
"3870677376","0.00"
"3788604107","0.00"
"3473373486","0.00"
"3833930039","0.00"
"380941834X","0.00"
"3499555514","0.00"
"3866151101","0.00"
"3440079856","0.00"
"3833900903","0.00"
"3473530875","0.00"
"3440097803","0.00"
"3785555350","0.00"
"3407784570","0.00"
"3833930098","0.00"
"3551361789","0.00"
"3789140139","0.00"
"341953633X","0.00"
"3551553440","0.00"
"3831814775","0.00"
"3789105856","0.00"
"3789140163","0.00"
"3411761156","0.00"
"389835704X","0.00"
"3401058371","0.00"
"3897690489","0.00"
"3899400461","0.00"
"3831006466","0.00"
"3570300595","0.00"
"3789106119","0.00"
"3551553475","0.00"
"3765330817","0.00"
"3785549733","0.00"
"3831814767","0.00"
"3866040059","0.00"
"343103196X","0.00"
"3831816093","0.00"
"3791504533","0.00"
"3800050889","0.00"
"3898303446","0.00"
"3401057146","0.00"
"344007983X","0.00"
"3404153197","0.00"
"3190033137","0.00"
"340780959X","0.00"
"3831006857","0.00"
"B00006HATR","0.00"
"344010169X","0.00"
"345309381X","0.00"
"3401400010","0.00"
"3791530143","0.00"
"3473580058","0.00"
"3473347531","0.00"
"3407780567","0.00"
"3440099016","0.00"
"3785553870","0.00"
"B00004STZB","0.00"
"B00004T99L","0.00"
"B0000A01L6","0.00"
"B00005MJ13","0.00"
"B000031W7Q","0.00"
"B0000E3HM3","0.00"
"B00005PJJE","0.00"
"B00005LKGL","0.00"
"B00004UB8A","0.00"
"B000056TKI","0.00"
"B0000A01L7","0.00"
"B00005J7DB","0.00"
"B000031X0B","0.00"
"B00009Y30Z","0.00"
"B00000145I","0.00"
"B00005KBE5","0.00"
"B00078VMJS","0.00"
"B000031W6H","0.00"
"B00076YOQ8","0.00"
"B0000A9DZV","0.00"
"B00000145J","0.00"
"B000059ZLM","0.00"
"B0000041XX","0.00"
"B00000I9W2","0.00"
"B0001WGDX0","0.00"
"B000001GQ7","0.00"
"B000060O5B","0.00"
"B00005A797","0.00"
"B00005QHUZ","0.00"
"B00004LCAV","0.00"
"B00006HARP","0.00"
"B0000041NC","0.00"
"B00000DBVG","0.00"
"B00008PW4A","0.00"
"B000025OWS","0.00"
"B00000I9LV","0.00"
"B000000SCT","0.00"
"B00004YSFQ","0.00"
"B00008ZPE9","0.00"
"B00006GOCT","0.00"
"B000007RQN","0.00"
"B00000414K","0.00"
"B000001GX5","0.00"
"B00004RKJJ","0.00"
"B00006FXVN","0.00"
"B00004YMNB","0.00"
"B00009V91I","0.00"
"B0007RUT7U","0.00"
"B00004TTIJ","0.00"
"B00005OCH6","0.00"
"B00006HASP","0.00"
"B000001WVC","0.00"
"B00004R7UX","0.00"
"B00006L3S5","0.00"
"B000005EB0","0.00"
"B0000CE9XK","0.00"
"B0000B09Z0","0.00"
"B000056TKC","0.00"
"B0007LPJSK","0.00"
"B0007D09GK","0.00"
"B0000B1JWE","0.00"
"B0000CNTLU","0.00"
"B00005UNXF","0.00"
"B00004YMJ0","0.00"
"B00009KV0W","0.00"
"B0000E5SLF","0.00"
"B00006QDN5","0.00"
"B00006AWLW","0.00"
"B00006B1KP","0.00"
"B00008HE5S","0.00"
"B000009I87","0.00"
"B00000416O","0.00"
"B0000AKOWN","0.00"
"B000001GHC","0.00"
"B00000DOCM","0.00"
"B00078VMHU","0.00"
"B000005IEG","0.00"
"B000068VS3","0.00"
"B00005UOVD","0.00"
"B0001ME4G8","0.00"
"B00000DD03","0.00"
"B000001GS1","0.00"
"B000059QW8","0.00"
"B000001GQY","0.00"
"B000001GGV","0.00"
"B00004U5BI","0.00"
"B000001GCR","0.00"
"B000026OW3","0.00"
"B00006IQGF","0.00"
"B000068CCI","0.00"
"B00000417N","0.00"
"B000001GYC","0.00"
"B00004T6KM","0.00"
"B0000045O1","0.00"
"B00004WER4","0.00"
"B000031WBV","0.00"
"B000001G6P","0.00"
"B0000631LF","0.00"
"B00004Z34Q","0.00"
"B00008XFB1","0.00"
"B000003LVO","0.00"
"B0000A01L8","0.00"
"B00008CLNQ","0.00"
"B00006LA5V","0.00"
"B00004SA87","0.00"
"B0003HGJ7I","0.00"
"B000007SLA","0.00"
"B00005OBZY","0.00"
"B00009P55P","0.00"
"B000003G6Q","0.00"
"B000059ZIF","0.00"
"B000003FBC","0.00"
"B00005NTTQ","0.00"
"B00004S1EG","0.00"
"B00005NUPP","0.00"
"B00004YMP5","0.00"
"B000001GYY","0.00"
"B0007OP69E","0.00"
"B000031WBU","0.00"
"B000026F9W","0.00"
"B0000CDVQT","0.00"
"B00006OA69","0.00"
"B0000ADYCN","0.00"
"B00008O8B0","0.00"
"B00005YHLD","0.00"
"B0006IGJ6K","0.00"
"B000000SMG","0.00"
"B00004TYJU","0.00"
"B000031WYN","0.00"
"B000088SS5","0.00"
"B00008NR79","0.00"
"B00005Y3JQ","0.00"
"B0006OPZ6E","0.00"
"B0007UARXI","0.00"
"B000040OX3","0.00"
"B0000DC15K","0.00"
"B000003FR0","0.00"
"B00004WIID","0.00"
"B000083GOJ","0.00"
"B00004BZ10","0.00"
"B0001IPBUU","0.00"
"B00005COXL","0.00"
"B00009P55M","0.00"
"B0001XPY4S","0.00"
"B0000241WM","0.00"
"B000001GQI","0.00"
"B00006GEL8","0.00"
"B00005OCH0","0.00"
"B0000C9V3K","0.00"
"B0009W4M4E","0.00"
"B0000041KV","0.00"
"B000006NAS","0.00"
"B0009YBZXI","0.00"
"B00004R9DC","0.00"
"B0006B96BW","0.00"
"B00000IL49","0.00"
"B00004WER3","0.00"
"B0000665Z8","0.00"
"B000000OF8","0.00"
"B000031WYO","0.00"
"B00000K4H4","0.00"
"B0009JAF9I","0.00"
"B0000C8XJ9","0.00"
"B00005IB53","0.00"
"B000000A9G","0.00"
"B00067GKEM","0.00"
"B00005QW37","0.00"
"B0000041DG","0.00"
"B00005IB57","0.00"
"B00008JL7V","0.00"
"B000009CMP","0.00"
"B0000AP6HK","0.00"
"B00063IWUG","0.00"
"B0000AKP5F","0.00"
"B000001GKB","0.00"
"B0007DHQ66","0.00"
"B0009LNQV0","0.00"
"B000001GCO","0.00"
"B0000VAW5M","0.00"
"B0000DGDHP","0.00"
"B000069KJ0","0.00"
"B000001TZR","0.00"
"B000059LOL","0.00"
"B000050GJU","0.00"
"B00005YTKD","0.00"
"B000001GJR","0.00"
"B00006RHPA","0.00"
"B0009SQC7I","0.00"
"B00000F1C1","0.00"
"B00005ASY6","0.00"
"B000050GJX","0.00"
"B0000C03AH","0.00"
"B00008CLNY","0.00"
"B000A7XJLK","0.00"
"B00009OOJT","0.00"
"B000A16PNU","0.00"
"B000003FMF","0.00"
"B0000AN1A3","0.00"
"B00004ZD5E","0.00"
"B00076YNGY","0.00"
"B00003OO0L","0.00"
"B000038I6I","0.00"
"B000009NIX","0.00"
"B000003ET7","0.00"
"B0000B1JWG","0.00"
"B000000SRE","0.00"
"B00008XFBP","0.00"
"B00007KM1Z","0.00"
"B00000E6PD","0.00"
"B000003GAU","0.00"
"B0009NDHLM","0.00"
"B00005OM7W","0.00"
"B000000SJJ","0.00"
"B00008ODZS","0.00"
"B00005UOKT","0.00"
"B0007WQHVC","0.00"
"B000BRJY18","0.00"
"B000000A9H","0.00"
"B0000041VJ","0.00"
"B000095J89","0.00"
"B000024VGW","0.00"
"B0000013UZ","0.00"
"B0001Z95NM","0.00"
"B00008Y4IT","0.00"
"B00005N57L","0.00"
"B00005UW4P","0.00"
"B000006L7U","0.00"
"B00008RWRI","0.00"
"B00069KFKK","0.00"
"B0001BUC10","0.00"
"B00009V91H","0.00"
"B00008AD9R","0.00"
"B00008Y4IM","0.00"
"B000001GXB","0.00"
"B000038I7W","0.00"
"B00000142W","0.00"
"B00030B9DY","0.00"
"B0000AYLLY","0.00"
"B000ASAEKI","0.00"
"B00000K5AP","0.00"
"B0001WGDXA","0.00"
"B0000041OO","0.00"
"B00009XC8A","0.00"
"B0000ARNF8","0.00"
"B000095IUR","0.00"
"B000007TKK","0.00"
"B00005MFMN","0.00"
"B0006MLT6Q","0.00"
"B00000144Y","0.00"
"B000003FG6","0.00"
"B0000262WV","0.00"
"B00076YOQI","0.00"
"B0000CE9YK","0.00"
"B00061GYN0","0.00"
"B00005Q673","0.00"
"B0000014F5","0.00"
"B00006L77E","0.00"
"B000BSNH1U","0.00"
"B00004YU8E","0.00"
"B000023ZLW","0.00"
"B00005NY9A","0.00"
"B0000041PR","0.00"
"B00005N57P","0.00"
"B000001GJU","0.00"
"B0001EQH6G","0.00"
"B000A17GBU","0.00"
"B00004SUM5","0.00"
"B0009W4M3U","0.00"
"B000004A1Z","0.00"
"B00004NHJZ","0.00"
"B00001X58Z","0.00"
"B0000041Z5","0.00"
"B0000041TD","0.00"
"B00000140Q","0.00"
"B00006K06W","0.00"
"B00076OMW4","0.00"
"B00004TQOT","0.00"
"B00004SPLF","0.00"
"B00009VGD4","0.00"
"B00000IWWM","0.00"
"B00008IHVR","0.00"
"B0000C8XJD","0.00"
"B000000UO4","0.00"
"B00008MJ9H","0.00"
"B00008CLNO","0.00"
"B000BGIAY6","0.00"
"B0007QS1VW","0.00"
"B0009WFFS6","0.00"
"B0009VJVJG","0.00"
"B00006ALCH","0.00"
"B000BRBH90","0.00"
"B000BW9BZW","0.00"
"B00009LW5L","0.00"
"B000B5KEE6","0.00"
"B0007QGSD0","0.00"
"B0000A1H3Y","0.00"
"B000BOF1S6","0.00"
"B000BSNPR6","0.00"
"B00012BCW2","0.00"
"B000BPNCXQ","0.00"
"B000C50MRY","0.00"
"B000BV5XGO","0.00"
"B000A6C23W","0.00"
"B000AS1JHA","0.00"
"B00069KFJQ","0.00"
"B000BKHF8E","0.00"
"B000BUNYWA","0.00"
"B000BLI5XC","0.00"
"B0007VEPXU","0.00"
"B000BM3YA0","0.00"
"B000AYQJ3I","0.00"
"B000AMF85A","0.00"
"B000068RQ5","0.00"
"B0000DG7BZ","0.00"
"B0007KVDF4","0.00"
"B000BNDBS4","0.00"
"B000266WYK","0.00"
"B000BRY67U","0.00"
"B000B5KEDM","0.00"
"B000BQ5J8Q","0.00"
"B0007LF4FS","0.00"
"B0007W22M0","0.00"
"B000BRY6HA","0.00"
"B00016B97G","0.00"
"B0000DD555","0.00"
"B000A32WEO","0.00"
"B000B5IOSE","0.00"
"B0000E39MZ","0.00"
"B00005M1BG","0.00"
"B000AS1HKY","0.00"
"B000059X1E","0.00"
"B00093CGCS","0.00"
"B000654U46","0.00"
"B000176N4O","0.00"
"B0000DG7C0","0.00"
"B00061S0K0","0.00"
"B000BYNESA","0.00"
"B00004TT5A","0.00"
"B000B9PW6M","0.00"
"B000BZ85CY","0.00"
"B00005RDSY","0.00"
"B000BEVDR4","0.00"
"B0000A9ZUQ","0.00"
"B00006RJSG","0.00"
"B000B9TVDW","0.00"
"B000BUNYXE","0.00"
"B000BNDBMK","0.00"
"B000621P4W","0.00"
"B000BGHASS","0.00"
"B0006391OW","0.00"
"B0000CFYEJ","0.00"
"B0001IN080","0.00"
"B000A1CS0Y","0.00"
"B0009JDS4M","0.00"
"B000075AIV","0.00"
"B00005OM5L","0.00"
"B00004RJEG","0.00"
"B0000C6IW5","0.00"
"B000BQ7CFE","0.00"
"B000BGHBJG","0.00"
"B0000CGP44","0.00"
"B0009ZE7PA","0.00"
"B00004T10O","0.00"
"B000ANDA18","0.00"
"B0000DK4OO","0.00"
"B00008OES9","0.00"
"B0000A0I94","0.00"
"B0001ELYGO","0.00"
"B000A1IE5C","0.00"
"B00011RU0Q","0.00"
"B00004CZPF","0.00"
"B000640PO6","0.00"
"B000063769","0.00"
"B00061I0ZA","0.00"
"B0000517DY","0.00"
"B000BITGHE","0.00"
"B000679QJ8","0.00"
"B0006O9MWW","0.00"
"B00006FR4D","0.00"
"B00079QXQO","0.00"
"B000050X3W","0.00"
"B00005R5VJ","0.00"
"B0009VK41K","0.00"
"B00008LPHF","0.00"
"B0007QS1YO","0.00"
"B0001KZN74","0.00"
"B0001U0IWY","0.00"
"B0006JJFG0","0.00"
"B0000CAPXD","0.00"
"B0000D7ZIE","0.00"
"B00004UF05","0.00"
"B000BFH5X4","0.00"
"630463949X","0.00"
"B0000667LK","0.00"
"B0001NNLQ6","0.00"
"B00030EK76","0.00"
"B00011MK7Y","0.00"
"B0007UPSZ0","0.00"
"B0000D7ZDY","0.00"
"B0000CDNR8","0.00"
"B0000DK4ON","0.00"
"B00061I0RI","0.00"
"B0000E5SLB","0.00"
"B0000VS0HE","0.00"
"B00008WDAI","0.00"
"B0000669J8","0.00"
"B000059ZLH","0.00"
"B000ATJYZ8","0.00"
"B0007R8A9O","0.00"
"B00005U8E6","0.00"
"B0007XFS9I","0.00"
"B0007NB9CI","0.00"
"B0000PCBFW","0.00"
"B00008IDM1","0.00"
"B000051VRO","0.00"
"B0001NDIZ0","0.00"
"B000BV5Y18","0.00"
"B000A5CEPO","0.00"
"B0000CAXIE","0.00"
"B000BL9B0I","0.00"
"B00006OA4U","0.00"
"B0009S6QV0","0.00"
"B000BPCD0O","0.00"
"B00005JRTD","0.00"
"B0000V76CE","0.00"
"B0006ICFI6","0.00"
"B000BVKKJY","0.00"
"B000068PFH","0.00"
"B0009QYRY0","0.00"
"B0006SN50S","0.00"
"B00095MRBQ","0.00"
"B000053U0D","0.00"
"B000640P64","0.00"
"B0000D7ZE8","0.00"
"B000068TK1","0.00"
"B0007N4MRW","0.00"
"B00008IDM9","0.00"
"B0007KVB06","0.00"
"B00005AR5L","0.00"
"B0000CDUJT","0.00"
"B0000CAWBD","0.00"
"B0000ULZQ8","0.00"
"B0001GH4DO","0.00"
"B000BO0VX6","0.00"
"6305610460","0.00"
"B000AOWD2O","0.00"
"B00005RTDD","0.00"
"B000BDIW9M","0.00"
"B0007ZIYWE","0.00"
"B00004UF0X","0.00"
"B00005UDN7","0.00"
"B0009AM69O","0.00"
"B00004W0W3","0.00"
"B000B6F8UA","0.00"
"B000BZFPF4","0.00"
"B0001FYRLM","0.00"
"B0007GDUD6","0.00"
"B0007DDPWU","0.00"
"B000BBS5L4","0.00"
"B000B4TB9G","0.00"
"B000BW9HLK","0.00"
"B00065VU58","0.00"
"B0000DKQWR","0.00"
"B0001KZO00","0.00"
"B000A3VTXY","0.00"
"B00009QNXX","0.00"
"B000BYNCZA","0.00"
"B000A6UWKW","0.00"
"B000BICM84","0.00"
"B00005YVXQ","0.00"
"B00005AWFB","0.00"
"B000ARAL66","0.00"
"B0006PTT6K","0.00"
"B00007BKGT","0.00"
"B0009X3334","0.00"
"B00068C7VQ","0.00"
"B0007SMEQ8","0.00"
"B00004WGZG","0.00"
"B0009OJ9B8","0.00"
"B00068B8IO","0.00"
"B000AMF7MO","0.00"
"B000BZFPNQ","0.00"
"B00006FN58","0.00"
"B000079DFJ","0.00"
"B000BKSHQ8","0.00"
"B000087I0F","0.00"
"B00004CY11","0.00"
"B0000ADYDR","0.00"
"B00005OM5N","0.00"
"B00006L9Z4","0.00"
"B000BRFANO","0.00"
"B00009PBJA","0.00"
"B0000DBJ9N","0.00"
"B0009QYQ8W","0.00"
"B0001Z65CG","0.00"
"B000CFWGFK","0.00"
"B00007DWOT","0.00"
"B0009K33LY","0.00"
"B00008XUU5","0.00"
"B0000C6IZ0","0.00"
"B000A6OB1S","0.00"
"B000087I0J","0.00"
"B0000TEUO8","0.00"
"B0007VV7MW","0.00"
"B00005YRYN","0.00"
"B0007YP0WC","0.00"
"B000069CVK","0.00"
"B00008Y4J9","0.00"
"B000BL99LO","0.00"
"B0007LYSA0","0.00"
"B000C4JP4G","0.00"
"B00008WD7G","0.00"
"B0009JOPDU","0.00"
"B000B7VYMK","0.00"
"B000CADLGI","0.00"
"B0009MAPV8","0.00"
"B0000035MR","0.00"
"B000BO0GPO","0.00"
"B00004WIUY","0.00"
"B00000JQI4","0.00"
"B000051ZLQ","0.00"
"B000051ZLR","0.00"
"B00001WRKM","0.00"
"B00008V5V5","0.00"
"B0000Y8HTC","0.00"
"B00005MET0","0.00"
"B00008INX1","0.00"
"B000000AB3","0.00"
"B0000018O4","0.00"
"B0000018O5","0.00"
"B0000AN4FH","0.00"
"B0007LLPUQ","0.00"
"B00004UEGL","0.00"
"B00000JIRN","0.00"
"B000BBMZU6","0.00"
"B000001WM9","0.00"
"B000A6O636","0.00"
"B00004W9YQ","0.00"
"B000BO0GP4","0.00"
"B000ASAEPI","0.00"
"B000BV5RDI","0.00"
"B000000EDL","0.00"
"B000000ECO","0.00"
"B000007MZM","0.00"
"B000000EJS","0.00"
"B000000ECN","0.00"
"B0000WKOT0","0.00"
"B000007SYS","0.00"
"B000006EH7","0.00"
"B00000I94X","0.00"
"B000005C15","0.00"
"B0000045O0","0.00"
"B000005C16","0.00"
"B00006LWQU","0.00"
"B000076GXV","0.00"
"B0000695UV","0.00"
"B0000695V9","0.00"
"B00003GNXB","0.00"
"B0006SSQHK","0.00"
"B00005RFLB","0.00"
"B00005RFLC","0.00"
"B00005ABF0","0.00"
"B000000OF7","0.00"
"B00004ZC5R","0.00"
"B000BFNZJM","0.00"
"B000003Y7D","0.00"
"B000003QQI","0.00"
"B00006IJ3E","0.00"
"B00006L3MJ","0.00"
"B0000633NL","0.00"
"B000003QS1","0.00"
"B0007ZB7DC","0.00"
"B00009V7T4","0.00"
"B0000DZHJD","0.00"
"B00004T9Z1","0.00"
"B0000507ZP","0.00"
"B00003ZACB","0.00"
"B000006BG9","0.00"
"B000003CUU","0.00"
"B00004TDS8","0.00"
"B00004SC09","0.00"
"B000056K7X","0.00"
"B0009JPVLU","0.00"
"B000000UWU","0.00"
"B0009W5JH8","0.00"
"B0000DKKWT","0.00"
"B00000EXXX","0.00"
"B00004ZKYT","0.00"
"B000087DTI","0.00"
"B000004AEN","0.00"
"B00005Y8DP","0.00"
"B000008N16","0.00"
"B000087DT8","0.00"
"B00005OR9U","0.00"
"B00009KTVS","0.00"
"B00004SYHQ","0.00"
"B00004VTDM","0.00"
"B000005ADD","0.00"
"B000007VAE","0.00"
"B000063DYS","0.00"
"B00008O88P","0.00"
"B0009YA48K","0.00"
"B0000015JY","0.00"
"B000006KB4","0.00"
"B0000015JZ","0.00"
"B000001HIK","0.00"
"B00013ND9Q","0.00"
"B00005J7HE","0.00"
"B000B5XSQM","0.00"
"B000B6TRT8","0.00"
"B00008CMQR","0.00"
"B0000636BT","0.00"
"B000006LGB","0.00"
"B00005PJBP","0.00"
"B000000OGC","0.00"
"B000066BMI","0.00"
"B00005Y1TK","0.00"
"B000000OKC","0.00"
"B000000OGB","0.00"
"B00006AO0V","0.00"
"B00006WL5N","0.00"
"B000A7Q1VA","0.00"
"B000005CYV","0.00"
"B00004SU08","0.00"
"B00008ESHB","0.00"
"B000BX11BI","0.00"
"B00000583W","0.00"
"B00000DBYY","0.00"
"B00000137C","0.00"
"B00006CTE7","0.00"
"B0009VCIGE","0.00"
"B00000I9R7","0.00"
"B00005LZUY","0.00"
"B0000AQS3U","0.00"
"B00004SDEN","0.00"
"B00005LZUX","0.00"
"B00005YOFH","0.00"
"B000A6VGJI","0.00"
"B000088E94","0.00"
"B000003UY1","0.00"
"B000000E67","0.00"
"B00004YZ4F","0.00"
"B0000640MS","0.00"
"B000000C9M","0.00"
"B000ASAEK8","0.00"
"B000000S8A","0.00"
"B000025ENW","0.00"
"B000005E56","0.00"
"B000007687","0.00"
"B00005YJSC","0.00"
"B0000A59XR","0.00"
"B00000JC7O","0.00"
"B00000IFK7","0.00"
"B000031X0N","0.00"
"B00005YIAU","0.00"
"B000BRBLXC","0.00"
"B00005YBFY","0.00"
"B000000S9O","0.00"
"B00004YSGL","0.00"
"B00006K01J","0.00"
"B00004Z4Y3","0.00"
"B000CAA5ZI","0.00"
"B000CA7OCA","0.00"
"B0009JK1OM","0.00"
"B00003TFSH","0.00"
"B00001ZWGG","0.00"
"B000001RTN","0.00"
"B00004TDJS","0.00"
"B00008ZZ71","0.00"
"B0000CF30S","0.00"
"B000001JDJ","0.00"
"B0000SVWQS","0.00"
"B0006AZO0U","0.00"
"B000005MT3","0.00"
"B00009Y3U1","0.00"
"B000CAKAQM","0.00"
"B00008BX4Z","0.00"
"B000024WD7","0.00"
"B00074CBME","0.00"
"B000008NUA","0.00"
"B00008FETN","0.00"
"B0000045ER","0.00"
"B00005UVC0","0.00"
"B0000045N6","0.00"
"B00005T615","0.00"
"B00004UX9L","0.00"
"B00005M65V","0.00"
"B00000G4LI","0.00"
"B000050HP1","0.00"
"B000001K9E","0.00"
"B0000044EV","0.00"
"B000001G9U","0.00"
"B000000A6F","0.00"
"B000002W2L","0.00"
"B00008FMP5","0.00"
"B000024KWC","0.00"
"B00004TTOR","0.00"
"B000001QUP","0.00"
"B000002WVI","0.00"
"B00005NH0L","0.00"
"B00005JA3H","0.00"
"B00003J6LC","0.00"
"B000007SEE","0.00"
"B00001NTLK","0.00"
"B00008FUK5","0.00"
"B0009WFEIW","0.00"
"B0000003N9","0.00"
"B0000996HZ","0.00"
"B00000JFXG","0.00"
"B00004TD14","0.00"
"B00008FPAD","0.00"
"B000050JC7","0.00"
"B000051JRD","0.00"
"B00000EYNI","0.00"
"B00005NWMT","0.00"
"B00000J97W","0.00"
"B00000IP94","0.00"
"B000001AYR","0.00"
"B0000300MP","0.00"
"B00000AVRR","0.00"
"B000068GAT","0.00"
"B0000033G9","0.00"
"B000068FZH","0.00"
"B00006BCK8","0.00"
"B00000379M","0.00"
"B0000033RX","0.00"
"B00006AAU9","0.00"
"B00005YIEH","0.00"
"B00004TRHR","0.00"
"B00006IK1J","0.00"
"B0000282WF","0.00"
"B0008191LA","0.00"
"B0000C8WYE","0.00"
"B00005QG58","0.00"
"B00005RETN","0.00"
"B0007DBJU0","0.00"
"B000001AVS","0.00"
"B00000DV6T","0.00"
"B0001JSS1I","0.00"
"B0000033LN","0.00"
"B000006LZB","0.00"
"B000058B86","0.00"
"B00007F1Q5","0.00"
"B00000JY5J","0.00"
"B00006CFK8","0.00"
"B000001AVZ","0.00"
"B00000168M","0.00"
"B000000PR1","0.00"
"B000003W8E","0.00"
"B000001RT8","0.00"
"B000001K1T","0.00"
"B000001ZLF","0.00"
"B000007QRS","0.00"
"B000001RXP","0.00"
"B00000EJ7K","0.00"
"B0000015BI","0.00"
"B00000EUPK","0.00"
"B00000ESAP","0.00"
"B0000015BJ","0.00"
"B0000015PE","0.00"
"B00000EGTV","0.00"
"B00000HYV1","0.00"
"B00000EMM7","0.00"
"B00000EFDP","0.00"
"B00000ENYB","0.00"
"B00000I7GN","0.00"
"B00000ENY8","0.00"
"B00000EP4A","0.00"
"B00000J8CG","0.00"
"B00000I9BN","0.00"
"B00000ES8F","0.00"
"B00000IJHQ","0.00"
"B0000017UF","0.00"
"B0000017UG","0.00"
"B0000017Z1","0.00"
"B000001MD1","0.00"
"B00002MZ1W","0.00"
"B000031KI6","0.00"
"B00003Q5AZ","0.00"
"B000031W8G","0.00"
"B0000047VC","0.00"
"B000000FOE","0.00"
"B0000047U4","0.00"
"B0000047RJ","0.00"
"B00004SSM0","0.00"
"B000001NQL","0.00"
"B0000488U7","0.00"
"B00004SCZQ","0.00"
"B000001CLG","0.00"
"B00004THEL","0.00"
"B0000046F9","0.00"
"B0000046SO","0.00"
"B00004TD15","0.00"
"B0000046VV","0.00"
"B0000005R3","0.00"
"B000CAJXAQ","0.00"
"B000001CUA","0.00"
"B0000046SP","0.00"
"B000001DEW","0.00"
"B00000184H","0.00"
"B00000477J","0.00"
"B000000FLH","0.00"
"B000000FLI","0.00"
"B00000478Q","0.00"
"B00000185T","0.00"
"B000C5RRQS","0.00"
"B0007WD8BY","0.00"
"B00009RG5C","0.00"
"B000BJRJ40","0.00"
"B0007OGXKK","0.00"
"B0000E5SKD","0.00"
"B00008CQOP","0.00"
"B0000C83XI","0.00"
"B00000ARVL","0.00"
"B000051MWJ","0.00"
"B000084HA0","0.00"
"B0007XZUUA","0.00"
"B00000ASSP","0.00"
"B00000AWIP","0.00"
"B0007KTIN8","0.00"
"B00006RYDA","0.00"
"B0000AAL8G","0.00"
"B0000AISVA","0.00"
"B00004U68B","0.00"
"B00076QGLE","0.00"
"B00005B56K","0.00"
"B000005E53","0.00"
"B00067R4OM","0.00"
"B00005AVFD","0.00"
"B0007ZHWRM","0.00"
"3551551936","0.00"
"B0000047DA","0.00"
"B00005QTO9","0.00"
"3548740987","0.00"
"3491886104","0.00"
"3765318043","0.00"
"3593374536","0.00"
"3570130347","0.00"
"3866151136","0.00"
"3405168643","0.00"
"3570130185","0.00"
"3570130177","0.00"
"3491888077","0.00"
"378914116X","0.00"
"3473580031","0.00"
"3880105367","0.00"
"3453855183","0.00"
"378573087X","0.00"
"3785551843","0.00"
"B000000S8T","0.00"
"B00006HARW","0.00"
"B00008OAHV","0.00"
"B00005RRY1","0.00"
"B00003G1O4","0.00"
"B000006NXP","0.00"
"B00004YA0K","0.00"
"B00005ND45","0.00"
"B0006B969E","0.00"
"B0009U55Z6","0.00"
"B00008ZZAB","0.00"
"B000031WTO","0.00"
"B00004R7WK","0.00"
"B00001SIBN","0.00"
"B00000JQHW","0.00"
"B0000B0A0E","0.00"
"B000069KIZ","0.00"
"B000056FFX","0.00"
"B00030GMQ8","0.00"
"B00005JIJT","0.00"
"B0000041Z4","0.00"
"B00000JXPP","0.00"
"B000059GES","0.00"
"B0000581U3","0.00"
"B0000CAWBE","0.00"
"B000068C4V","0.00"
"B00007BHME","0.00"
"B000B3MJ4G","0.00"
"B000B8ITCW","0.00"
"B000BYNENA","0.00"
"B00078JZ9W","0.00"
"B00066VMC8","0.00"
"B00080JD4G","0.00"
"B00067OLN4","0.00"
"B000818VEI","0.00"
"B000BM3Y0A","0.00"
"B00003JAAK","0.00"
"B00005QX8J","0.00"
"B00094OBSY","0.00"
"B00007EB9M","0.00"
"B0001J0BA4","0.00"
"B0000D7ZE0","0.00"
"B000A0GRH0","0.00"
"B000000AB5","0.00"
"B000003I9V","0.00"
"B00000DRAR","0.00"
"B00000EFE5","0.00"
"B00000F1BX","0.00"
"B000008IZL","0.00"
"B00005JGSR","0.00"
"B00009YW8X","0.00"
"B00004NKFL","0.00"
"B0000AINRE","0.00"
"B00004Z55W","0.00"
"B0000076J6","0.00"
"B000000WW4","0.00"
"B000056NA4","0.00"
"B00004RIN0","0.00"
"B000ALM1RE","0.00"
"3491911575","0.00"
"3777613010","0.00"
"B0000A0A4A","0.00"
"B0007Q6PW4","0.00"
"B00004TG75","0.00"
"B00005J9YE","0.00"
"B00009PBWK","0.00"
"B00005M6YK","0.00"
"B00005QBEF","0.00"
"B000000GVZ","0.00"
"B00005NB5Q","0.00"
"B0006B5ZVC","0.00"
"3551551677","0.00"
"3899407334","0.00"
"3785541856","0.00"
"3190041954","0.00"
"3791504649","0.00"
"3833930136","0.00"
"3760748449","0.00"
"3791504606","0.00"
"3440077918","0.00"
"3596851599","0.00"
"3570300099","0.00"
"3505117366","0.00"
"3866151063","0.00"
"3551355711","0.00"
"340778063X","0.00"
"3898357031","0.00"
"3596851459","0.00"
"3785530471","0.00"
"B000038I74","0.00"
"3785555636","0.00"
"B000005E4K","0.00"
"B0000DJUS5","0.00"
"B000001GQ1","0.00"
"B000009IT3","0.00"
"B00006GEOU","0.00"
"B0000035PZ","0.00"
"B00000JIS1","0.00"
"B00004T0VY","0.00"
"B000065TV3","0.00"
"B00009AHLT","0.00"
"B000084T3M","0.00"
"B0000DJURY","0.00"
"B00008LNKE","0.00"
"B000005GKN","0.00"
"B00005MJ0G","0.00"
"B00005KK4M","0.00"
"B000007OTH","0.00"
"B00004TDFR","0.00"
"B000056EVN","0.00"
"B00005OC01","0.00"
"B00005UVA0","0.00"
"B00005B6RQ","0.00"
"B000001GJB","0.00"
"B00004SYX0","0.00"
"B0000646Z1","0.00"
"B0000B0A0R","0.00"
"B00008LDN8","0.00"
"B00015M7PU","0.00"
"B000060O5E","0.00"
"B000ANRYEM","0.00"
"B000BRY684","0.00"
"B0008ENMW6","0.00"
"B000BD7NEC","0.00"
"B00004R78O","0.00"
"B0000DZRNE","0.00"
"B0000CEB4V","0.00"
"B00006IU5S","0.00"
"B0000E6XLU","0.00"
"B0000DK4OP","0.00"
"B00007ECLA","0.00"
"B000065TWQ","0.00"
"B000084H9O","0.00"
"B0000505HM","0.00"
"B0002WYS6S","0.00"
"B0007WCDXI","0.00"
"B0009UCF3Q","0.00"
"B00094OC3S","0.00"
"B0009OO10C","0.00"
"B0002TTWU8","0.00"
"B000BV5RD8","0.00"
"B00004T8HG","0.00"
"B00005YEWO","0.00"
"B0000036BW","0.00"
"B00000037T","0.00"
"B00006AL1H","0.00"
"B00005NWMU","0.00"
"B00008USAC","0.00"
"B000005ZVF","0.00"
"B0009W4M62","0.00"
"B00000F1SG","0.00"
"B00000EG78","0.00"
"B00003ZAA6","0.00"
"B0000046P3","0.00"
"B00004T0UM","0.00"
"B00030CHEY","0.00"
"B000001EL1","0.00"
"B0001JZOKQ","0.00"
"B0001D0G5K","0.00"
"B00006JIA4","0.00"
"B000ALM1RO","0.00"
"B0001ZWJSA","0.00"
"B0009HBF5S","0.00"
"3551064040","0.00"
"3866151470","0.00"
"3866151047","0.00"
"3570130193","0.00"
"378554393X","0.00"
"B000063X5K","0.00"
"B000BL1PV6","0.00"
"B000CCB13G","0.00"
"B000BSNPRG","0.00"
"B00005QZWN","0.00"
"B0007X6SGK","0.00"
"B00005QZGP","0.00"
"B000BGHADS","0.00"
"B000654UJG","0.00"
"B000BVLFRU","0.00"
"B000051ZLS","0.00"
"B0006840KM","0.00"
"B00006F1R4","0.00"
"B00000I5Y4","0.00"
"B00004TB8A","0.00"
"B00008VDUA","0.00"
"B00005N570","0.00"
"B0000A8UVX","0.00"
"B00004ST4Z","0.00"
"B0002Z81MW","0.00"
"B0001N9ZKW","0.00"
"B00007E8UG","0.00"
"351845689X","0.00"
"3505116084","0.00"
"3570301931","0.00"
"B000001GQD","0.00"
"B0000A5BWW","0.00"
"B00005RFSM","0.00"
"B000000SJD","0.00"
"B00008CLQP","0.00"
"B0000631C7","0.00"
"B000094BYX","0.00"
